"","conc","cond","mean","sd","median","mad","log10conc","readout"
"1",0.00411522633744856,"-",1.14030477652037,0.0649197073312639,1.13171689351093,0.067238212016798,-2.38560627359831,"Mm in broth"
"2",0.00411522633744856,"Ak_07",1.03629301877322,0.061703381148133,1.00999828359775,0.0265466927354354,-2.38560627359831,"Mm in broth"
"3",0.00411522633744856,"Am_72",0.992528408663607,0.129428027420823,1.05006151408751,0.0491534636762485,-2.38560627359831,"Mm in broth"
"4",0.00411522633744856,"Am_86",0.97334768839215,0.124068330799874,1.02835838416981,0.0475039993246331,-2.38560627359831,"Mm in broth"
"5",0.00411522633744856,"Fh_12",0.992527184224114,0.0396297902887516,0.990030631290907,0.0531155368648065,-2.38560627359831,"Mm in broth"
"6",0.00411522633744856,"Gc_07",0.941300532967433,0.147217111197338,1.01606786167811,0.0297438494989667,-2.38560627359831,"Mm in broth"
"7",0.00411522633744856,"Gc_23",1.00841587219084,0.0317521304683068,1.00679143916965,0.0434169046545581,-2.38560627359831,"Mm in broth"
"8",0.00411522633744856,"Gc_25",0.92095255774395,0.0934144987884742,0.966086350607005,0.0254164086248936,-2.38560627359831,"Mm in broth"
"9",0.00411522633744856,"Gc_26",0.897522701760473,0.117371933057081,0.939653427328033,0.0716996078071045,-2.38560627359831,"Mm in broth"
"10",0.00411522633744856,"Gc_28",1.09318141756443,0.0578727915590651,1.1049183448329,0.0583666862917774,-2.38560627359831,"Mm in broth"
"11",0.00411522633744856,"Gc_32",1.05799419758342,0.0401529206479567,1.05708788297078,0.0575037924477248,-2.38560627359831,"Mm in broth"
"12",0.00411522633744856,"Gc_33",0.993681927461966,0.0925545440566887,1.03787840440834,0.0266494029906404,-2.38560627359831,"Mm in broth"
"13",0.00411522633744856,"Gc_34",0.999011495928634,0.0663880714685379,1.02127555489769,0.0446712733563036,-2.38560627359831,"Mm in broth"
"14",0.00411522633744856,"Gc_35",0.973326919222369,0.120609660339718,1.02103100455029,0.0619093558808396,-2.38560627359831,"Mm in broth"
"15",0.00411522633744856,"Gc_36",0.970199076331008,0.109521184262903,1.01749158616406,0.045421085791616,-2.38560627359831,"Mm in broth"
"16",0.00411522633744856,"Gc_37",1.02514228789765,0.0287919022845013,1.03302235228837,0.023945998186965,-2.38560627359831,"Mm in broth"
"17",0.00411522633744856,"Ko_09",1.00681457838817,0.0204944579813359,1.01238253248965,0.0171495097837578,-2.38560627359831,"Mm in broth"
"18",0.00411522633744856,"Ko_11",0.928829361944681,0.119987739889164,0.96203195478788,0.098870918186572,-2.38560627359831,"Mm in broth"
"19",0.00411522633744856,"Ko_15",1.00561120831259,0.0586883778147477,1.02762507242512,0.0333359220712252,-2.38560627359831,"Mm in broth"
"20",0.00411522633744856,"Ko_16",0.931192883137162,0.101786264339416,0.966601169086205,0.065152773470024,-2.38560627359831,"Mm in broth"
"21",0.00411522633744856,"Ko_17",0.964066800306829,0.104207862076845,1.00717051298276,0.048387517137539,-2.38560627359831,"Mm in broth"
"22",0.00411522633744856,"Ko_18",0.953523581038656,0.0265558472364865,0.942028506051576,0.010936692821771,-2.38560627359831,"Mm in broth"
"23",0.00411522633744856,"Ko_20",1.10575918207509,0.0513177058502133,1.08207900514489,0.0170820305170361,-2.38560627359831,"Mm in broth"
"24",0.00411522633744856,"Ko_21",0.944668358019958,0.102931892841389,0.977289065171504,0.0742014434088663,-2.38560627359831,"Mm in broth"
"25",0.00411522633744856,"Ko_22",0.973933279633913,0.0294299327177217,0.97511964048837,0.0409678733833382,-2.38560627359831,"Mm in broth"
"26",0.00411522633744856,"Ko_25",0.977456873610152,0.111707603250806,1.00777089095928,0.0935637773989751,-2.38560627359831,"Mm in broth"
"27",0.00411522633744856,"Ko_26",0.98664645648311,0.0909574421751979,1.02581140684897,0.03802790690896,-2.38560627359831,"Mm in broth"
"28",0.00411522633744856,"Ko_29",0.976375967041286,0.0414233550815332,0.960497709954617,0.0226199797802497,-2.38560627359831,"Mm in broth"
"29",0.00411522633744856,"Ko_30",1.04705917710426,0.0404883153898461,1.04218953928439,0.0488718749819409,-2.38560627359831,"Mm in broth"
"30",0.00411522633744856,"Ko_43",0.98736157350827,0.0807059487976963,0.988229133610144,0.1177200876634,-2.38560627359831,"Mm in broth"
"31",0.00411522633744856,"Ko_44",1.07662350812656,0.0139922228613592,1.08176166488333,0.00824114837549824,-2.38560627359831,"Mm in broth"
"32",0.00411522633744856,"Ko_58",0.969926287656855,0.106865618684177,1.01368808420614,0.0508190350565877,-2.38560627359831,"Mm in broth"
"33",0.00411522633744856,"Mo_07",1.00023171712813,0.0442981435941156,1.01741330501518,0.0236503688417773,-2.38560627359831,"Mm in broth"
"34",0.00411522633744856,"Mo_62",0.976239019322361,0.0412520827171257,0.980326439913432,0.0518447384484338,-2.38560627359831,"Mm in broth"
"35",0.00411522633744856,"Mo_63",1.10476030375043,0.0232163506765096,1.11150344521923,0.0183178035743467,-2.38560627359831,"Mm in broth"
"36",0.00411522633744856,"Mo_64",0.994780516049818,0.067066431173439,1.01655430911341,0.0469988147967089,-2.38560627359831,"Mm in broth"
"37",0.00411522633744856,"Mo_65",0.975331445700883,0.110863298574255,0.990706435253121,0.128983693023745,-2.38560627359831,"Mm in broth"
"38",0.00411522633744856,"Mo_71",1.04246824968188,0.0372482972781601,1.04440776423984,0.0508548624643393,-2.38560627359831,"Mm in broth"
"39",0.00411522633744856,"Mo_72",1.06329837311908,0.037265421403357,1.078723238388,0.0172746485995719,-2.38560627359831,"Mm in broth"
"40",0.00411522633744856,"Pf_62",1.04158279826018,0.0259411161127745,1.0388614185178,0.0322491686128044,-2.38560627359831,"Mm in broth"
"41",0.00411522633744856,"Pf_63",0.987744044745527,0.0568728365356309,0.962769069783395,0.0224421733557228,-2.38560627359831,"Mm in broth"
"42",0.00411522633744856,"Pf_64",1.02404536139588,0.0196532521776674,1.02198155536724,0.0244274711797602,-2.38560627359831,"Mm in broth"
"43",0.00411522633744856,"Pf_68",1.08465165286902,0.0429213774256641,1.08429750878468,0.0628460285395216,-2.38560627359831,"Mm in broth"
"44",0.00411522633744856,"Pf_70",1.09077127987912,0.0565097883106273,1.11163364250242,0.0329880777069825,-2.38560627359831,"Mm in broth"
"45",0.00411522633744856,"Pf_71",1.09092333572202,0.0914462934529516,1.12717455674843,0.0467190001512164,-2.38560627359831,"Mm in broth"
"46",0.00411522633744856,"Pf_72",1.11486368132004,0.0553649436719914,1.08291810869827,5.74968602637171e-05,-2.38560627359831,"Mm in broth"
"47",0.00411522633744856,"Pf_84",1.20199258434587,0.179502843688973,1.15848036465077,0.163433850345525,-2.38560627359831,"Mm in broth"
"48",0.00411522633744856,"Pt_46",1.04209035598899,0.0905242176720495,1.01877699409242,0.0789839337381923,-2.38560627359831,"Mm in broth"
"49",0.00411522633744856,"Pt_47",0.77843001815713,0.213251546810097,0.850472633629342,0.142117135473996,-2.38560627359831,"Mm in broth"
"50",0.00411522633744856,"Pt_48",0.962688469640914,0.115834634928943,0.998007532915423,0.08709483151002,-2.38560627359831,"Mm in broth"
"51",0.00411522633744856,"Sb_24",0.980625367252663,0.105122596029556,1.00575872852879,0.0965832069234597,-2.38560627359831,"Mm in broth"
"52",0.00411522633744856,"Sb_25",1.01024532116692,0.0533121158181836,1.02508010964748,0.0437200832484529,-2.38560627359831,"Mm in broth"
"53",0.00411522633744856,"Sb_26",0.99904579830903,0.115792099842626,1.01864708656134,0.126227258212657,-2.38560627359831,"Mm in broth"
"54",0.00411522633744856,"Sb_44",0.955633159887657,0.0670361130687214,0.975844161342153,0.0509928643313837,-2.38560627359831,"Mm in broth"
"55",0.00411522633744856,"Sp_35",0.962297462159648,0.126404049506881,0.998598049339877,0.100789350093269,-2.38560627359831,"Mm in broth"
"56",0.00411522633744856,"Sp_36",0.966144905179942,0.0889905514311022,0.98389292804222,0.0904847262472565,-2.38560627359831,"Mm in broth"
"57",0.00411522633744856,"Tt_07",0.983998831961037,0.0738353495219328,0.994722981682228,0.0847494022831298,-2.38560627359831,"Mm in broth"
"58",0.0123456790123457,"-",1.14775641516948,0.0638449552457826,1.13304473810516,0.0427189405194956,-1.90848501887865,"Mm in broth"
"59",0.0123456790123457,"Ak_07",1.05282452976967,0.1213345859414,1.06843307284773,0.144058995536413,-1.90848501887865,"Mm in broth"
"60",0.0123456790123457,"Am_72",0.983838717529636,0.155784307694249,1.04216848250726,0.088766481866962,-1.90848501887865,"Mm in broth"
"61",0.0123456790123457,"Am_86",0.965764682936526,0.129154588527838,1.03678547166312,0.0104344347977661,-1.90848501887865,"Mm in broth"
"62",0.0123456790123457,"Fh_12",1.03920990101898,0.0734110353639257,1.02542786650971,0.0767411646192623,-1.90848501887865,"Mm in broth"
"63",0.0123456790123457,"Gc_07",0.950334433845506,0.114323500258888,0.987546259976792,0.0798671387618958,-1.90848501887865,"Mm in broth"
"64",0.0123456790123457,"Gc_23",0.992258729048345,0.0709321313311141,1.01632350284949,0.0470047315291771,-1.90848501887865,"Mm in broth"
"65",0.0123456790123457,"Gc_25",0.918611197628365,0.0994816945623426,0.919425915854191,0.145675998850172,-1.90848501887865,"Mm in broth"
"66",0.0123456790123457,"Gc_26",0.917374665283668,0.0850012333904533,0.941095007207709,0.06953559106261,-1.90848501887865,"Mm in broth"
"67",0.0123456790123457,"Gc_28",1.02423674001782,0.0431811341373939,1.03918587101918,0.0278298834703544,-1.90848501887865,"Mm in broth"
"68",0.0123456790123457,"Gc_32",1.00205340279194,0.0214644940530592,1.00404339639111,0.0272949721126801,-1.90848501887865,"Mm in broth"
"69",0.0123456790123457,"Gc_33",0.984918220994845,0.0600938443228988,1.00033257146843,0.0525891073077536,-1.90848501887865,"Mm in broth"
"70",0.0123456790123457,"Gc_34",1.02284234166244,0.021400542345645,1.01402557972911,0.0100326046470459,-1.90848501887865,"Mm in broth"
"71",0.0123456790123457,"Gc_35",0.9524323275915,0.08395644001954,0.983141878334154,0.0497685598506448,-1.90848501887865,"Mm in broth"
"72",0.0123456790123457,"Gc_36",0.953482020789329,0.0998832075512825,0.95557971482996,0.143397286425634,-1.90848501887865,"Mm in broth"
"73",0.0123456790123457,"Gc_37",1.03936334026137,0.00347445197110947,1.03782162489472,0.00132707188596104,-1.90848501887865,"Mm in broth"
"74",0.0123456790123457,"Ko_09",0.998909626343287,0.0327931331146312,1.00070810656167,0.0445645897746701,-1.90848501887865,"Mm in broth"
"75",0.0123456790123457,"Ko_11",0.957713276459831,0.141071864323788,1.03795719059941,0.00356124375514987,-1.90848501887865,"Mm in broth"
"76",0.0123456790123457,"Ko_15",0.999288913979136,0.0614643355487693,0.986683087754537,0.061644017919812,-1.90848501887865,"Mm in broth"
"77",0.0123456790123457,"Ko_16",1.01990163266915,0.0808138914035653,1.06439077484935,0.00638179399529605,-1.90848501887865,"Mm in broth"
"78",0.0123456790123457,"Ko_17",0.995058504340695,0.0812764432164933,1.01544401619563,0.0722880503227117,-1.90848501887865,"Mm in broth"
"79",0.0123456790123457,"Ko_18",0.934635579462098,0.0705130575984421,0.916110013701263,0.0606016896273648,-1.90848501887865,"Mm in broth"
"80",0.0123456790123457,"Ko_20",1.06666408697562,0.00515346771695738,1.06691171600054,0.00708321074124343,-1.90848501887865,"Mm in broth"
"81",0.0123456790123457,"Ko_21",0.937837697636591,0.100422582926916,0.964760127723946,0.0849452977034788,-1.90848501887865,"Mm in broth"
"82",0.0123456790123457,"Ko_22",0.989240896646868,0.0587052873650535,0.987831829941476,0.0838840299632919,-1.90848501887865,"Mm in broth"
"83",0.0123456790123457,"Ko_25",0.957263304645285,0.085576933501514,1.00365434571296,0.00885623378930349,-1.90848501887865,"Mm in broth"
"84",0.0123456790123457,"Ko_26",1.01670713355156,0.112604397865257,1.04771060751688,0.0931832857492927,-1.90848501887865,"Mm in broth"
"85",0.0123456790123457,"Ko_29",0.993773608720254,0.0435652216982929,0.984623947179822,0.0431645009921661,-1.90848501887865,"Mm in broth"
"86",0.0123456790123457,"Ko_30",0.996928477814433,0.0207053106675642,1.00396245312639,0.0136962298797933,-1.90848501887865,"Mm in broth"
"87",0.0123456790123457,"Ko_43",0.953641724637017,0.0784809859730439,0.956772050211973,0.109324940400005,-1.90848501887865,"Mm in broth"
"88",0.0123456790123457,"Ko_44",0.961076762348448,0.0203168775518794,0.953606337035466,0.0119403376255281,-1.90848501887865,"Mm in broth"
"89",0.0123456790123457,"Ko_58",0.96326398403175,0.0779782259758505,0.966641775242409,0.108017271199351,-1.90848501887865,"Mm in broth"
"90",0.0123456790123457,"Mo_07",0.991161257142228,0.040832963876004,1.00581630863808,0.0249490425201137,-1.90848501887865,"Mm in broth"
"91",0.0123456790123457,"Mo_62",0.98115706761273,0.0453596735001861,1.00705406875036,0.000862517628552596,-1.90848501887865,"Mm in broth"
"92",0.0123456790123457,"Mo_63",1.08894524478277,0.0289365288464194,1.07418137928266,0.00565271692737497,-1.90848501887865,"Mm in broth"
"93",0.0123456790123457,"Mo_64",1.00240617494041,0.0392172644274154,1.02398799090062,0.0031197828089617,-1.90848501887865,"Mm in broth"
"94",0.0123456790123457,"Mo_65",0.992405200942601,0.0627223956883633,0.999242527125155,0.0773713805898134,-1.90848501887865,"Mm in broth"
"95",0.0123456790123457,"Mo_71",1.04954932879602,0.022529493739632,1.05772132015731,0.0135377328702014,-1.90848501887865,"Mm in broth"
"96",0.0123456790123457,"Mo_72",1.07644248692954,0.037447238745647,1.08247238399685,0.0415669099844386,-1.90848501887865,"Mm in broth"
"97",0.0123456790123457,"Pf_62",0.987397337797738,0.0547830498890474,0.992642425237882,0.0692771188482,-1.90848501887865,"Mm in broth"
"98",0.0123456790123457,"Pf_63",0.915575071080918,0.0456134063946293,0.909409503145497,0.0534498817252704,-1.90848501887865,"Mm in broth"
"99",0.0123456790123457,"Pf_64",1.03052555952229,0.0805906741493549,0.988755535505235,0.0138785788177368,-1.90848501887865,"Mm in broth"
"100",0.0123456790123457,"Pf_68",1.07488870447544,0.0744821904162261,1.07315821444658,0.10655650320497,-1.90848501887865,"Mm in broth"
"101",0.0123456790123457,"Pf_70",1.07464847928809,0.0460713054900021,1.08283780703593,0.0492788973929473,-1.90848501887865,"Mm in broth"
"102",0.0123456790123457,"Pf_71",1.0857908960128,0.0885501830713779,1.03672676651408,0.00606882965895087,-1.90848501887865,"Mm in broth"
"103",0.0123456790123457,"Pf_72",1.18462588852588,0.0671927445537671,1.1803212032195,0.0898933292857991,-1.90848501887865,"Mm in broth"
"104",0.0123456790123457,"Pf_84",1.10400764104097,0.0564967823122757,1.07532211740379,0.0114362275131692,-1.90848501887865,"Mm in broth"
"105",0.0123456790123457,"Pt_46",1.08100469685065,0.0782380086882223,1.08124877800132,0.115452436253155,-1.90848501887865,"Mm in broth"
"106",0.0123456790123457,"Pt_47",0.924849824843844,0.0133876418296904,0.922838066437361,0.0152057756598689,-1.90848501887865,"Mm in broth"
"107",0.0123456790123457,"Pt_48",0.956850161955612,0.050365366134172,0.971518093972946,0.0396376715485039,-1.90848501887865,"Mm in broth"
"108",0.0123456790123457,"Sb_24",1.01453741048882,0.0878291257510958,1.02775977111367,0.0996987984185731,-1.90848501887865,"Mm in broth"
"109",0.0123456790123457,"Sb_25",0.979748415305413,0.053738115057805,0.998067895733283,0.0353801337436072,-1.90848501887865,"Mm in broth"
"110",0.0123456790123457,"Sb_26",0.99797673820878,0.11445314927758,0.960382147407232,0.0790712205909369,-1.90848501887865,"Mm in broth"
"111",0.0123456790123457,"Sb_44",1.01307776776205,0.00813617019357015,1.01508558349937,0.00731880956342137,-1.90848501887865,"Mm in broth"
"112",0.0123456790123457,"Sp_35",0.93665098963455,0.0904177749360215,0.912267816454623,0.0761206022068746,-1.90848501887865,"Mm in broth"
"113",0.0123456790123457,"Sp_36",0.96724267335937,0.0988194378474343,0.962445762484875,0.135712331037745,-1.90848501887865,"Mm in broth"
"114",0.0123456790123457,"Tt_07",0.983531402282867,0.0750991348130425,1.01780821288109,0.0260465442465961,-1.90848501887865,"Mm in broth"
"115",0.037037037037037,"-",1.13161649860138,0.0693855461708749,1.11828198760653,0.0437318130272867,-1.43136376415899,"Mm in broth"
"116",0.037037037037037,"Ak_07",1.01439397004324,0.131964313740812,1.0421541972558,0.13064020719667,-1.43136376415899,"Mm in broth"
"117",0.037037037037037,"Am_72",1.09069887135007,0.0541128011417331,1.09449563943591,0.0716357597985012,-1.43136376415899,"Mm in broth"
"118",0.037037037037037,"Am_86",0.992456848232399,0.133802129886462,1.06687222067361,0.00835648602076928,-1.43136376415899,"Mm in broth"
"119",0.037037037037037,"Fh_12",1.01037255950844,0.0830793431627264,0.97122827900519,0.0253997889215739,-1.43136376415899,"Mm in broth"
"120",0.037037037037037,"Gc_07",0.941446030257071,0.15574975137339,1.02071768262948,0.0309802838440098,-1.43136376415899,"Mm in broth"
"121",0.037037037037037,"Gc_23",1.00932567494911,0.05996126989957,1.00955738733704,0.0883827757400505,-1.43136376415899,"Mm in broth"
"122",0.037037037037037,"Gc_25",0.899580272699019,0.105382728664054,0.952296902805997,0.0235811213911723,-1.43136376415899,"Mm in broth"
"123",0.037037037037037,"Gc_26",0.899117414752994,0.0880781984335004,0.942148387628266,0.0226240080451942,-1.43136376415899,"Mm in broth"
"124",0.037037037037037,"Gc_28",0.996322906754312,0.0907933919791428,1.04636174008058,0.00700676620832124,-1.43136376415899,"Mm in broth"
"125",0.037037037037037,"Gc_32",0.97595409204395,0.0380129565248984,0.990011301747206,0.0221278511192119,-1.43136376415899,"Mm in broth"
"126",0.037037037037037,"Gc_33",0.928950577056933,0.0987768780462638,0.983033738563246,0.00866063411082234,-1.43136376415899,"Mm in broth"
"127",0.037037037037037,"Gc_34",0.906152293986198,0.103014039870881,0.919808353847582,0.121349075062045,-1.43136376415899,"Mm in broth"
"128",0.037037037037037,"Gc_35",0.939909680756764,0.0992611908715858,0.990006331495439,0.020953346531464,-1.43136376415899,"Mm in broth"
"129",0.037037037037037,"Gc_36",0.936050006638321,0.0852227100303993,0.96452518733248,0.0576198917547189,-1.43136376415899,"Mm in broth"
"130",0.037037037037037,"Gc_37",1.04556514597414,0.0168810696177483,1.05158883675205,0.010406773046909,-1.43136376415899,"Mm in broth"
"131",0.037037037037037,"Ko_09",0.973665296476308,0.0612508631280527,1.00483670770502,0.0121929343020394,-1.43136376415899,"Mm in broth"
"132",0.037037037037037,"Ko_11",0.988934710242905,0.0931365722571603,1.02867663473581,0.0399279977171881,-1.43136376415899,"Mm in broth"
"133",0.037037037037037,"Ko_15",0.994513012104345,0.0239226927509619,0.989976310146255,0.0248970152294587,-1.43136376415899,"Mm in broth"
"134",0.037037037037037,"Ko_16",1.0016186534524,0.0450233884502478,0.981508803276383,0.0168333020722803,-1.43136376415899,"Mm in broth"
"135",0.037037037037037,"Ko_17",0.959289586902799,0.0740921301058241,0.996356138292137,0.0165715995042376,-1.43136376415899,"Mm in broth"
"136",0.037037037037037,"Ko_18",0.943081490261251,0.0374387877445735,0.935607277239246,0.0380489587401948,-1.43136376415899,"Mm in broth"
"137",0.037037037037037,"Ko_20",1.02516592298266,0.00588984043690699,1.02658579977692,0.00538218700065375,-1.43136376415899,"Mm in broth"
"138",0.037037037037037,"Ko_21",0.914358650089649,0.103580991621684,0.971446089824293,0.00799071311446923,-1.43136376415899,"Mm in broth"
"139",0.037037037037037,"Ko_22",0.970524862339362,0.10715037120569,0.987975808103152,0.118463889812484,-1.43136376415899,"Mm in broth"
"140",0.037037037037037,"Ko_25",0.957290470142579,0.0948968081550326,1.00837996548156,0.0108481011513453,-1.43136376415899,"Mm in broth"
"141",0.037037037037037,"Ko_26",0.934332350791961,0.0899056350770477,0.974474978767065,0.0336525927050804,-1.43136376415899,"Mm in broth"
"142",0.037037037037037,"Ko_29",1.03484041539813,0.0658962650626268,1.06955659632692,0.00973129290264957,-1.43136376415899,"Mm in broth"
"143",0.037037037037037,"Ko_30",1.00476043663704,0.0361470818781087,1.01221322092049,0.0361561792812561,-1.43136376415899,"Mm in broth"
"144",0.037037037037037,"Ko_43",0.972526418472662,0.0201066194940082,0.966637879274213,0.0157398080994476,-1.43136376415899,"Mm in broth"
"145",0.037037037037037,"Ko_44",1.07314108714345,0.0297408868352333,1.06330119321357,0.0203621258666086,-1.43136376415899,"Mm in broth"
"146",0.037037037037037,"Ko_58",0.973675766765322,0.077847801619108,0.988201230459918,0.0815971588056377,-1.43136376415899,"Mm in broth"
"147",0.037037037037037,"Mo_07",0.964891861562442,0.0537273450622565,0.98495435851903,0.0307590410503254,-1.43136376415899,"Mm in broth"
"148",0.037037037037037,"Mo_62",1.0448016106034,0.0164793920425087,1.04007953219861,0.0131666823630841,-1.43136376415899,"Mm in broth"
"149",0.037037037037037,"Mo_63",1.02979677781572,0.0019789889458825,1.02946313521725,0.0021606193833262,-1.43136376415899,"Mm in broth"
"150",0.037037037037037,"Mo_64",0.96003814351624,0.0526866024162676,0.976912579603089,0.0375211830839446,-1.43136376415899,"Mm in broth"
"151",0.037037037037037,"Mo_65",0.98609359762911,0.0723929762044602,0.971802073159508,0.0739666585556247,-1.43136376415899,"Mm in broth"
"152",0.037037037037037,"Mo_71",1.04056461280044,0.013528137811702,1.03396387077451,0.0034988316001754,-1.43136376415899,"Mm in broth"
"153",0.037037037037037,"Mo_72",1.00598915296941,0.053331329742844,0.986839589647869,0.0325622627664615,-1.43136376415899,"Mm in broth"
"154",0.037037037037037,"Pf_62",1.01533767662195,0.0377450394739401,1.01513228182779,0.0555033966336086,-1.43136376415899,"Mm in broth"
"155",0.037037037037037,"Pf_63",0.932251477574448,0.0432612515285874,0.910792506142708,0.0101969853900701,-1.43136376415899,"Mm in broth"
"156",0.037037037037037,"Pf_64",1.01043888432855,0.043246517512088,1.01874116098412,0.0447615120860897,-1.43136376415899,"Mm in broth"
"157",0.037037037037037,"Pf_68",1.1801774788257,0.149001543152195,1.1670948933469,0.191175766786008,-1.43136376415899,"Mm in broth"
"158",0.037037037037037,"Pf_70",1.08591577737428,0.0443351956723832,1.08516010701862,0.0640436644472179,-1.43136376415899,"Mm in broth"
"159",0.037037037037037,"Pf_71",1.06231640109452,0.104077276225301,1.06226506177664,0.154190782142693,-1.43136376415899,"Mm in broth"
"160",0.037037037037037,"Pf_72",1.12436744878006,0.10471782817237,1.14927054156496,0.0965443716920119,-1.43136376415899,"Mm in broth"
"161",0.037037037037037,"Pf_84",1.09950942072801,0.0398062473275329,1.10127667133643,0.0550429160557483,-1.43136376415899,"Mm in broth"
"162",0.037037037037037,"Pt_46",1.08407959788695,0.0870061744576086,1.07171249275906,0.100511088332611,-1.43136376415899,"Mm in broth"
"163",0.037037037037037,"Pt_47",0.874549197496506,0.0474867004712634,0.898091647816598,0.011228327214866,-1.43136376415899,"Mm in broth"
"164",0.037037037037037,"Pt_48",0.94938788756966,0.101904265863241,0.975435292562707,0.0894083286232701,-1.43136376415899,"Mm in broth"
"165",0.037037037037037,"Sb_24",1.0498434020067,0.0816857312132792,1.06631833723174,0.0826069663818507,-1.43136376415899,"Mm in broth"
"166",0.037037037037037,"Sb_25",0.973864468391683,0.0610618759222501,1.00859804471092,0.0015396491318409,-1.43136376415899,"Mm in broth"
"167",0.037037037037037,"Sb_26",0.970986417447779,0.112778665520424,1.03561768369982,0.00142606726900602,-1.43136376415899,"Mm in broth"
"168",0.037037037037037,"Sb_44",0.96378526536096,0.0404775253168953,0.957823550517731,0.0462635352525658,-1.43136376415899,"Mm in broth"
"169",0.037037037037037,"Sp_35",0.893569813596436,0.0647204833726913,0.905068417725632,0.0692402350050906,-1.43136376415899,"Mm in broth"
"170",0.037037037037037,"Sp_36",0.952237632010728,0.0845613540591185,0.978280849606281,0.0629115296958373,-1.43136376415899,"Mm in broth"
"171",0.037037037037037,"Tt_07",0.986285438686613,0.0458757659090085,1.00875879199885,0.0116127392087844,-1.43136376415899,"Mm in broth"
"172",0.111111111111111,"-",1.11898628456911,0.0689086652917594,1.11252935255861,0.0548948886948336,-0.954242509439325,"Mm in broth"
"173",0.111111111111111,"Ak_07",1.025494964416,0.12970506037965,1.0590819902853,0.112708660975374,-0.954242509439325,"Mm in broth"
"174",0.111111111111111,"Am_72",1.01832695000372,0.0990543247601061,1.02397161690222,0.134125820704657,-0.954242509439325,"Mm in broth"
"175",0.111111111111111,"Am_86",0.958940707582531,0.1136189023076,1.00736098431418,0.0488772145828818,-0.954242509439325,"Mm in broth"
"176",0.111111111111111,"Fh_12",0.998903655533565,0.10171373596116,1.00402320536251,0.139272085250358,-0.954242509439325,"Mm in broth"
"177",0.111111111111111,"Gc_07",0.890240891004329,0.0814655330544776,0.902974969331329,0.0913497000005538,-0.954242509439325,"Mm in broth"
"178",0.111111111111111,"Gc_23",0.98741894986714,0.0684147910579381,0.968220105881836,0.0556944705929484,-0.954242509439325,"Mm in broth"
"179",0.111111111111111,"Gc_25",0.877292990994787,0.106000888342788,0.891885912852952,0.123582779426966,-0.954242509439325,"Mm in broth"
"180",0.111111111111111,"Gc_26",0.821499706184765,0.105353523383061,0.8472800519664,0.0953165470454862,-0.954242509439325,"Mm in broth"
"181",0.111111111111111,"Gc_28",0.992241068624676,0.0972651920724849,1.04590308100745,0.00734146830207856,-0.954242509439325,"Mm in broth"
"182",0.111111111111111,"Gc_32",0.970765011849905,0.0804403642473201,1.01077411639269,0.0186538330003034,-0.954242509439325,"Mm in broth"
"183",0.111111111111111,"Gc_33",0.937961337625608,0.0636060828475837,0.958527011894603,0.0447939805373611,-0.954242509439325,"Mm in broth"
"184",0.111111111111111,"Gc_34",0.955857733814399,0.0781503201330038,1.00081035106923,0.000496337755074627,-0.954242509439325,"Mm in broth"
"185",0.111111111111111,"Gc_35",0.992163818477473,0.102851923850568,1.02877556516786,0.06364079401378,-0.954242509439325,"Mm in broth"
"186",0.111111111111111,"Gc_36",0.91702456980426,0.0794580127729681,0.926943664794451,0.0950549180201917,-0.954242509439325,"Mm in broth"
"187",0.111111111111111,"Gc_37",0.992239093130497,0.0731049349633114,1.02877344152366,0.0164596932225921,-0.954242509439325,"Mm in broth"
"188",0.111111111111111,"Ko_09",0.962614794007352,0.0520847691393373,0.970737830722395,0.0584484771955058,-0.954242509439325,"Mm in broth"
"189",0.111111111111111,"Ko_11",0.970557732223539,0.0682307365610302,1.00037513637295,0.0273235135685088,-0.954242509439325,"Mm in broth"
"190",0.111111111111111,"Ko_15",0.986579116148509,0.0775287321422663,0.988234765722473,0.111242439953765,-0.954242509439325,"Mm in broth"
"191",0.111111111111111,"Ko_16",0.936159001837448,0.0818615384057367,0.961568893674954,0.0603915261244415,-0.954242509439325,"Mm in broth"
"192",0.111111111111111,"Ko_17",0.946523214224466,0.0900687050125558,0.973596497881914,0.0687238033889192,-0.954242509439325,"Mm in broth"
"193",0.111111111111111,"Ko_18",1.01066695709303,0.00624639242160144,1.01380132047907,0.00137024991381357,-0.954242509439325,"Mm in broth"
"194",0.111111111111111,"Ko_20",1.01095008144313,0.0225102761148212,1.00728008400568,0.0248776892386095,-0.954242509439325,"Mm in broth"
"195",0.111111111111111,"Ko_21",0.995138069989242,0.219154012313709,0.928369324568748,0.16491699557901,-0.954242509439325,"Mm in broth"
"196",0.111111111111111,"Ko_22",0.981680900554723,0.053367784932168,1.00270986170257,0.0276072928895729,-0.954242509439325,"Mm in broth"
"197",0.111111111111111,"Ko_25",0.980660300674165,0.136851551698936,0.985998188697576,0.19090939208238,-0.954242509439325,"Mm in broth"
"198",0.111111111111111,"Ko_26",0.902691710927949,0.120764773003024,0.952796037556837,0.0556620589095706,-0.954242509439325,"Mm in broth"
"199",0.111111111111111,"Ko_29",0.995482403543086,0.0571478260063749,1.00942451403805,0.0518088266642599,-0.954242509439325,"Mm in broth"
"200",0.111111111111111,"Ko_30",0.957659963171369,0.0247742290955178,0.963967257533018,0.021799584591998,-0.954242509439325,"Mm in broth"
"201",0.111111111111111,"Ko_43",0.915887450345405,0.0827636023634688,0.898369838524058,0.0816688710101915,-0.954242509439325,"Mm in broth"
"202",0.111111111111111,"Ko_44",1.13123116552058,0.0641201078230493,1.13649111498825,0.083126670140673,-0.954242509439325,"Mm in broth"
"203",0.111111111111111,"Ko_58",0.918209393153542,0.0449059399378445,0.909936012220422,0.047325454652643,-0.954242509439325,"Mm in broth"
"204",0.111111111111111,"Mo_07",0.920669340783469,0.030117142357236,0.908847112732647,0.015700910674502,-0.954242509439325,"Mm in broth"
"205",0.111111111111111,"Mo_62",0.988163782463589,0.0648730689132878,1.02272479654745,0.00847195361175492,-0.954242509439325,"Mm in broth"
"206",0.111111111111111,"Mo_63",0.998811591445953,0.00580393034001144,0.998816174694473,0.00859471242347675,-0.954242509439325,"Mm in broth"
"207",0.111111111111111,"Mo_64",0.981834216533201,0.0684000802932652,0.993840830764348,0.0735298376300575,-0.954242509439325,"Mm in broth"
"208",0.111111111111111,"Mo_65",0.972762741904852,0.0759485949435827,1.00169881278509,0.0419445328826624,-0.954242509439325,"Mm in broth"
"209",0.111111111111111,"Mo_71",1.05797796397691,0.0361570339817671,1.07552110579929,0.00963022102453789,-0.954242509439325,"Mm in broth"
"210",0.111111111111111,"Mo_72",1.02900184073361,0.0120897456614639,1.03578010987151,0.000595370877781116,-0.954242509439325,"Mm in broth"
"211",0.111111111111111,"Pf_62",0.987895799573881,0.046695292080887,0.994249156813717,0.0546189235021686,-0.954242509439325,"Mm in broth"
"212",0.111111111111111,"Pf_63",0.886924744150242,0.0262920384292963,0.879871515436992,0.0222283306348762,-0.954242509439325,"Mm in broth"
"213",0.111111111111111,"Pf_64",0.9286146348424,0.0313842642206537,0.926727388053628,0.0422701233259322,-0.954242509439325,"Mm in broth"
"214",0.111111111111111,"Pf_68",1.0605663151225,0.0544606227644251,1.08753731315901,0.0129592508604701,-0.954242509439325,"Mm in broth"
"215",0.111111111111111,"Pf_70",1.043501805928,0.0226504069684649,1.04935143994074,0.0197217998159072,-0.954242509439325,"Mm in broth"
"216",0.111111111111111,"Pf_71",1.06723326493969,0.0697020924384561,1.08047374830046,0.0724868661361573,-0.954242509439325,"Mm in broth"
"217",0.111111111111111,"Pf_72",1.12183301002199,0.0805449222784044,1.12417061152237,0.114179585018465,-0.954242509439325,"Mm in broth"
"218",0.111111111111111,"Pf_84",1.10617182777106,0.0548942038154131,1.09846813579835,0.0636505977326166,-0.954242509439325,"Mm in broth"
"219",0.111111111111111,"Pt_46",1.02495137756676,0.00748673383397328,1.02624114951896,0.00810727791251179,-0.954242509439325,"Mm in broth"
"220",0.111111111111111,"Pt_47",0.987845257618322,0.0654963365900685,0.986037419682781,0.0930566706350532,-0.954242509439325,"Mm in broth"
"221",0.111111111111111,"Pt_48",0.936354419122514,0.0680278501856799,0.964506051535964,0.0315521391291787,-0.954242509439325,"Mm in broth"
"222",0.111111111111111,"Sb_24",1.01774698238305,0.0613355961365711,1.04279225848978,0.029362307466129,-0.954242509439325,"Mm in broth"
"223",0.111111111111111,"Sb_25",1.06391663767352,0.230443986670508,0.966780169515099,0.102056592187887,-0.954242509439325,"Mm in broth"
"224",0.111111111111111,"Sb_26",0.978673140567175,0.0852919124608335,1.00949230578477,0.0515641636298626,-0.954242509439325,"Mm in broth"
"225",0.111111111111111,"Sb_44",0.919299212969257,0.0225225442152037,0.915539199604692,0.0246791943829384,-0.954242509439325,"Mm in broth"
"226",0.111111111111111,"Sp_35",0.862785889792052,0.0703379816496928,0.870228120233493,0.0872935966737516,-0.954242509439325,"Mm in broth"
"227",0.111111111111111,"Sp_36",0.896022788807641,0.0586092816153875,0.905867311879435,0.0640766261779431,-0.954242509439325,"Mm in broth"
"228",0.111111111111111,"Tt_07",0.923138460696267,0.0694950170401251,0.953323428854392,0.0283378297858555,-0.954242509439325,"Mm in broth"
"229",0.333333333333333,"-",1.10901256458578,0.0720608932923143,1.10289335368926,0.064707427092681,-0.477121254719662,"Mm in broth"
"230",0.333333333333333,"Ak_07",0.97737536336112,0.182319338562259,0.992999626432144,0.23481439866293,-0.477121254719662,"Mm in broth"
"231",0.333333333333333,"Am_72",0.948210155526948,0.0918283682341432,0.92667669821487,0.0854195142840386,-0.477121254719662,"Mm in broth"
"232",0.333333333333333,"Am_86",0.913577205993237,0.0899570261612588,0.939939525516252,0.0703763985237635,-0.477121254719662,"Mm in broth"
"233",0.333333333333333,"Fh_12",0.997253041269405,0.125805541532844,1.01041955152108,0.156470593731446,-0.477121254719662,"Mm in broth"
"234",0.333333333333333,"Gc_07",0.918875156116429,0.0671056221049734,0.9370832888787,0.0562119259019044,-0.477121254719662,"Mm in broth"
"235",0.333333333333333,"Gc_23",0.947636739821511,0.0859582721164894,0.95897833391252,0.1013844439586,-0.477121254719662,"Mm in broth"
"236",0.333333333333333,"Gc_25",0.859465610302553,0.0567095013945462,0.869571711616657,0.0605952077406256,-0.477121254719662,"Mm in broth"
"237",0.333333333333333,"Gc_26",0.824493836097444,0.0693119438727756,0.84178206522335,0.0618885143268595,-0.477121254719662,"Mm in broth"
"238",0.333333333333333,"Gc_28",0.973235910663861,0.123742204931412,1.01966853160633,0.0702416054194875,-0.477121254719662,"Mm in broth"
"239",0.333333333333333,"Gc_32",1.03529121028504,0.109066583657484,1.08678564719172,0.0330487290529257,-0.477121254719662,"Mm in broth"
"240",0.333333333333333,"Gc_33",0.935811726156098,0.0500110711853201,0.952800968718073,0.033082669416807,-0.477121254719662,"Mm in broth"
"241",0.333333333333333,"Gc_34",0.952214557919424,0.102112094453042,0.980117774097138,0.0850371269671517,-0.477121254719662,"Mm in broth"
"242",0.333333333333333,"Gc_35",0.917352879126295,0.0577647340120399,0.925117413450747,0.0677922066633329,-0.477121254719662,"Mm in broth"
"243",0.333333333333333,"Gc_36",0.888051659065061,0.0680480596874945,0.895892077395738,0.0829482428063654,-0.477121254719662,"Mm in broth"
"244",0.333333333333333,"Gc_37",0.973714076138851,0.109336492125449,1.0217763779235,0.0430107519115821,-0.477121254719662,"Mm in broth"
"245",0.333333333333333,"Ko_09",0.977588022539184,0.0922625373240162,1.01826750700238,0.0359566963227099,-0.477121254719662,"Mm in broth"
"246",0.333333333333333,"Ko_11",0.92202447376804,0.0467622741171701,0.944696812839739,0.0125010612053706,-0.477121254719662,"Mm in broth"
"247",0.333333333333333,"Ko_15",1.01893825252988,0.0799086959219953,1.0123760176156,0.103578882686693,-0.477121254719662,"Mm in broth"
"248",0.333333333333333,"Ko_16",0.908038607319413,0.0397627508882089,0.904876225221314,0.0517794343778515,-0.477121254719662,"Mm in broth"
"249",0.333333333333333,"Ko_17",1.02913347398079,0.0488127505438643,1.00101616709968,0.000191916673447172,-0.477121254719662,"Mm in broth"
"250",0.333333333333333,"Ko_18",0.951851678806838,0.0949121498400599,0.991300895842116,0.0435533936991445,-0.477121254719662,"Mm in broth"
"251",0.333333333333333,"Ko_20",0.993841993141329,0.0675276477431219,1.03106686741166,0.00518657933668476,-0.477121254719662,"Mm in broth"
"252",0.333333333333333,"Ko_21",0.911959624064086,0.0488321935503369,0.906943291877084,0.0609557218753151,-0.477121254719662,"Mm in broth"
"253",0.333333333333333,"Ko_22",1.17652594655513,0.429433054200944,1.00552522879639,0.217333226657936,-0.477121254719662,"Mm in broth"
"254",0.333333333333333,"Ko_25",0.927067493399935,0.0778458717766514,0.951913805957881,0.0556619436622401,-0.477121254719662,"Mm in broth"
"255",0.333333333333333,"Ko_26",0.890895418797179,0.0203091009569287,0.89092137281564,0.0300525354965356,-0.477121254719662,"Mm in broth"
"256",0.333333333333333,"Ko_29",0.994972850914885,0.119309531184991,0.994202702185198,0.175172813208741,-0.477121254719662,"Mm in broth"
"257",0.333333333333333,"Ko_30",0.918178179705585,0.111428382492982,0.968955914782817,0.0388700377828738,-0.477121254719662,"Mm in broth"
"258",0.333333333333333,"Ko_43",0.820776205047518,0.0574652891521076,0.818055091761748,0.0790748858063924,-0.477121254719662,"Mm in broth"
"259",0.333333333333333,"Ko_44",1.0897686308732,0.0848672110249377,1.12362515879319,0.0427827378645023,-0.477121254719662,"Mm in broth"
"260",0.333333333333333,"Ko_58",0.901071141654729,0.0527757584523358,0.910974446265693,0.0551812753186519,-0.477121254719662,"Mm in broth"
"261",0.333333333333333,"Mo_07",0.904897097662205,0.0332675355273149,0.920506715335158,0.0103525143687242,-0.477121254719662,"Mm in broth"
"262",0.333333333333333,"Mo_62",0.841892670274545,0.0734332152455961,0.879350316474273,0.0143711364089516,-0.477121254719662,"Mm in broth"
"263",0.333333333333333,"Mo_63",0.997817623386081,0.0750186073631065,1.01508766077844,0.0705829289557023,-0.477121254719662,"Mm in broth"
"264",0.333333333333333,"Mo_64",0.908857238907194,0.0192413992518384,0.898754346087512,0.00293963749614698,-0.477121254719662,"Mm in broth"
"265",0.333333333333333,"Mo_65",0.965447926258306,0.0521846422357505,0.950339289642587,0.0412973819032849,-0.477121254719662,"Mm in broth"
"266",0.333333333333333,"Mo_71",0.996945210768959,0.0310933015174573,0.982390926220588,0.00977412876045702,-0.477121254719662,"Mm in broth"
"267",0.333333333333333,"Mo_72",0.911697284609833,0.0518076517822243,0.888914984755415,0.0203563671418796,-0.477121254719662,"Mm in broth"
"268",0.333333333333333,"Pf_62",1.10595022407262,0.0786081396050758,1.09171127150363,0.0834355064959694,-0.477121254719662,"Mm in broth"
"269",0.333333333333333,"Pf_63",0.808699962871069,0.0347309478512702,0.806817133216824,0.0472480977867734,-0.477121254719662,"Mm in broth"
"270",0.333333333333333,"Pf_64",0.90356073715471,0.0515489819657334,0.884639310516447,0.0303829664875926,-0.477121254719662,"Mm in broth"
"271",0.333333333333333,"Pf_68",1.10479908569514,0.077798950993398,1.07014259784207,0.0293433448708376,-0.477121254719662,"Mm in broth"
"272",0.333333333333333,"Pf_70",0.979360579173221,0.0582302263077926,0.985232610161241,0.072943475769386,-0.477121254719662,"Mm in broth"
"273",0.333333333333333,"Pf_71",1.01929009860326,0.0334015288026559,1.02817011205316,0.0284424223510007,-0.477121254719662,"Mm in broth"
"274",0.333333333333333,"Pf_72",1.09594702950711,0.0923276939526894,1.14000622351296,0.0266653660453552,-0.477121254719662,"Mm in broth"
"275",0.333333333333333,"Pf_84",1.12469028919673,0.0597364993261498,1.11038672473029,0.0548305520644806,-0.477121254719662,"Mm in broth"
"276",0.333333333333333,"Pt_46",1.01512472717793,0.0249270758186437,1.02739909163154,0.00613112060462159,-0.477121254719662,"Mm in broth"
"277",0.333333333333333,"Pt_47",0.492845733927567,0.050520717554482,0.474689026613664,0.030802982595014,-0.477121254719662,"Mm in broth"
"278",0.333333333333333,"Pt_48",0.932512861014795,0.0649106099768087,0.96750318258175,0.00729124018284526,-0.477121254719662,"Mm in broth"
"279",0.333333333333333,"Sb_24",0.991173976906829,0.0858750110865024,1.03738878409816,0.00986791935681834,-0.477121254719662,"Mm in broth"
"280",0.333333333333333,"Sb_25",0.903541834500282,0.0452245302185613,0.915688807139876,0.0381970962148648,-0.477121254719662,"Mm in broth"
"281",0.333333333333333,"Sb_26",0.937459679296184,0.0817769942077512,0.960946208326241,0.0652007480627164,-0.477121254719662,"Mm in broth"
"282",0.333333333333333,"Sb_44",0.903091775336496,0.0311466453803951,0.917198092200717,0.0111067426955593,-0.477121254719662,"Mm in broth"
"283",0.333333333333333,"Sp_35",0.788490285254121,0.0841008281013302,0.780350853170656,0.10614786400588,-0.477121254719662,"Mm in broth"
"284",0.333333333333333,"Sp_36",0.782845012257251,0.101147265892731,0.790782322546477,0.131962455008423,-0.477121254719662,"Mm in broth"
"285",0.333333333333333,"Tt_07",0.913660732858093,0.047193128750587,0.898377310512811,0.0331715721999155,-0.477121254719662,"Mm in broth"
"286",1,"-",1.11202852026125,0.0682843993739019,1.11582585948398,0.0574916179555765,0,"Mm in broth"
"287",1,"Ak_07",0.941802074725267,0.171059155694002,0.994308118960898,0.127719566583863,0,"Mm in broth"
"288",1,"Am_72",0.906749809500827,0.0510168949605522,0.881901244071524,0.0133187035200737,0,"Mm in broth"
"289",1,"Am_86",0.870591106196427,0.0286255734021858,0.880744827730306,0.0178074024893912,0,"Mm in broth"
"290",1,"Fh_12",0.960606761915491,0.131447038087256,1.00476046120198,0.0882618086199809,0,"Mm in broth"
"291",1,"Gc_07",0.930081498745345,0.01871380264767,0.937599492119747,0.00929249590276019,0,"Mm in broth"
"292",1,"Gc_23",0.855720682326196,0.0946253486916806,0.904317602542493,0.0175769591251399,0,"Mm in broth"
"293",1,"Gc_25",0.93920451463432,0.061936227456492,0.962767542875345,0.0342977601628403,0,"Mm in broth"
"294",1,"Gc_26",0.73855485164578,0.0205681004090625,0.736319930882841,0.0253887091213946,0,"Mm in broth"
"295",1,"Gc_28",0.891383778366046,0.133121008928564,0.928039742070357,0.110152132293268,0,"Mm in broth"
"296",1,"Gc_32",0.940268868370481,0.117325463228352,0.973357327280304,0.0950933457915465,0,"Mm in broth"
"297",1,"Gc_33",0.983000082017728,0.0601031321026355,0.96272035682646,0.0401195820562939,0,"Mm in broth"
"298",1,"Gc_34",0.891318559483929,0.143041751971371,0.889764744219676,0.208608787429579,0,"Mm in broth"
"299",1,"Gc_35",1.1374244692516,0.137980299085514,1.06003441353882,0.006707874619408,0,"Mm in broth"
"300",1,"Gc_36",0.838221034600123,0.0124503139559086,0.832802874795172,0.0050482802020882,0,"Mm in broth"
"301",1,"Gc_37",0.952352094974562,0.105814800981807,1.0132170942728,0.000673289806403767,0,"Mm in broth"
"302",1,"Ko_09",0.613889850453174,0.476866580504436,0.810403932242449,0.223417629423612,0,"Mm in broth"
"303",1,"Ko_11",0.962873489029433,0.00820390448442461,0.966946438202269,0.00192365778618538,0,"Mm in broth"
"304",1,"Ko_15",0.978028736360906,0.0843154595872128,0.958571053814524,0.079212228271867,0,"Mm in broth"
"305",1,"Ko_16",0.887368746095528,0.0318358602994413,0.888578033414987,0.0444849668629098,0,"Mm in broth"
"306",1,"Ko_17",1.04437933369859,0.0356322111151465,1.03186972590588,0.0225072584188441,0,"Mm in broth"
"307",1,"Ko_18",0.94135136173547,0.0978596241732227,0.986585029998073,0.032359784780518,0,"Mm in broth"
"308",1,"Ko_20",1.04452368311121,0.101050579679237,1.07875576037267,0.0670964543684835,0,"Mm in broth"
"309",1,"Ko_21",0.845531946320091,0.0410640966230443,0.839557860341815,0.0471107168687876,0,"Mm in broth"
"310",1,"Ko_22",0.936022671072204,0.0739092517182661,0.969014941450737,0.0276871221868315,0,"Mm in broth"
"311",1,"Ko_25",0.942793378601649,0.0517067904711702,0.913686317666625,0.00220251501840786,0,"Mm in broth"
"312",1,"Ko_26",0.903249032642526,0.0164500380183701,0.900468408285004,0.0179422604495599,0,"Mm in broth"
"313",1,"Ko_29",0.914726223936277,0.0562018059775871,0.927580702859632,0.0530867568527911,0,"Mm in broth"
"314",1,"Ko_30",0.83999712366528,0.113052719651441,0.893525991736108,0.0338297655768393,0,"Mm in broth"
"315",1,"Ko_43",0.792425957331993,0.0336321259591254,0.783663649434343,0.0290906920505331,0,"Mm in broth"
"316",1,"Ko_44",0.971721605009462,0.0603995365303932,0.996912123600863,0.0274819958422683,0,"Mm in broth"
"317",1,"Ko_58",0.896084095359286,0.032967772241342,0.889580233090477,0.0336954374983173,0,"Mm in broth"
"318",1,"Mo_07",0.915459579243537,0.0312336829035063,0.931527634707304,0.00572357952562988,0,"Mm in broth"
"319",1,"Mo_62",0.35367120918346,0.152047692229961,0.392256693867075,0.134104208874297,0,"Mm in broth"
"320",1,"Mo_63",0.995174526928129,0.0662919529155153,0.998665126887167,0.0904194642111714,0,"Mm in broth"
"321",1,"Mo_64",0.700114261139133,0.0831176627368728,0.724790977482478,0.0642088497554777,0,"Mm in broth"
"322",1,"Mo_65",1.00139576741644,0.0460382508233724,1.01014757584221,0.0478618306708525,0,"Mm in broth"
"323",1,"Mo_71",0.869242462270744,0.0840140290769691,0.89819162888655,0.054503913498004,0,"Mm in broth"
"324",1,"Mo_72",0.78958854004993,0.0344688477155662,0.798840139460319,0.0291291299505781,0,"Mm in broth"
"325",1,"Pf_62",1.03689396825127,0.0365631771152348,1.05719951818982,0.00236969049014716,0,"Mm in broth"
"326",1,"Pf_63",0.735174767704689,0.0392336054570419,0.746677765474786,0.0306799121295557,0,"Mm in broth"
"327",1,"Pf_64",0.791136285521597,0.0479973155782063,0.787469869747531,0.0628511954233969,0,"Mm in broth"
"328",1,"Pf_68",1.01504827272757,0.0424346301704288,1.02346540277696,0.0432595307939403,0,"Mm in broth"
"329",1,"Pf_70",0.693342722386439,0.0615266002832865,0.658706581903893,0.00261709632858125,0,"Mm in broth"
"330",1,"Pf_71",0.863193376484242,0.0563520259574925,0.834416205751932,0.0109354750456656,0,"Mm in broth"
"331",1,"Pf_72",0.993134871397073,0.0516794527302963,1.01552012679074,0.0212421892023139,0,"Mm in broth"
"332",1,"Pf_84",1.21867074336029,0.111304826565306,1.21024153469559,0.145919528992348,0,"Mm in broth"
"333",1,"Pt_46",1.04737677397079,0.0322326832443801,1.05309100153995,0.0345137323093906,0,"Mm in broth"
"334",1,"Pt_47",0.448757326998815,0.0356202760467745,0.452060034448378,0.0452952005016684,0,"Mm in broth"
"335",1,"Pt_48",0.894989225011539,0.0697544455246275,0.913921218490891,0.0584177191468961,0,"Mm in broth"
"336",1,"Sb_24",0.953084189967842,0.100805130234946,0.980996590054353,0.0830186679431263,0,"Mm in broth"
"337",1,"Sb_25",0.42864456315738,0.232520530134088,0.476216388886143,0.233485605609853,0,"Mm in broth"
"338",1,"Sb_26",0.776052006043599,0.224862628425966,0.904325971804983,0.0045885256241611,0,"Mm in broth"
"339",1,"Sb_44",0.974692936344477,0.0501213112714679,0.988868089401464,0.0405223755585696,0,"Mm in broth"
"340",1,"Sp_35",0.855388862345904,0.0525134685709315,0.847370939668074,0.0593417833210746,0,"Mm in broth"
"341",1,"Sp_36",0.500800197188268,0.119239236649692,0.521454315009389,0.128851015212631,0,"Mm in broth"
"342",1,"Tt_07",0.908140043671466,0.0564230086964634,0.933591896270288,0.0204030798869738,0,"Mm in broth"
