"","vc","conc","cond","log10conc","Mm_in_infection_median","Dd_in_infection_median","Mm_in_infection_mad","Dd_in_infection_mad","Mm_in_infection_mean","Dd_in_infection_mean","Mm_in_infection_sd","Dd_in_infection_sd"
"1","VC DMSO 0.3%",0.00411522633744856,"Ak_07",-2.38560627359831,0.674816149659301,0.817961510663594,0,0,0.674816149659301,0.817961510663594,NA,NA
"2","VC DMSO 0.3%",0.0123456790123457,"Ak_07",-1.90848501887865,0.812078212562892,0.872043455432535,0,0,0.812078212562892,0.872043455432535,NA,NA
"3","VC DMSO 0.3%",0.037037037037037,"Ak_07",-1.43136376415899,0.911766654650215,0.872034450023279,0,0,0.911766654650215,0.872034450023279,NA,NA
"4","VC DMSO 0.3%",0.111111111111111,"Ak_07",-0.954242509439325,0.90916154187034,0.856999273563655,0,0,0.90916154187034,0.856999273563655,NA,NA
"5","VC DMSO 0.3%",0.333333333333333,"Ak_07",-0.477121254719663,0.806236007692084,0.824720231521401,0,0,0.806236007692084,0.824720231521401,NA,NA
"6","VC DMSO 0.3%",1,"Ak_07",0,0.623766070282177,0.891075938745467,0,0,0.623766070282177,0.891075938745467,NA,NA
"7","VC DMSO 0.3%",0.00411522633744856,"Am_72",-2.38560627359831,0.726268412648471,0.814611557042573,0,0,0.726268412648471,0.814611557042573,NA,NA
"8","VC DMSO 0.3%",0.0123456790123457,"Am_72",-1.90848501887865,0.730148684766972,0.816712014008729,0,0,0.730148684766972,0.816712014008729,NA,NA
"9","VC DMSO 0.3%",0.037037037037037,"Am_72",-1.43136376415899,0.597580731351443,0.805015630531774,0,0,0.597580731351443,0.805015630531774,NA,NA
"10","VC DMSO 0.3%",0.111111111111111,"Am_72",-0.954242509439325,0.543545622628757,0.808260081378073,0,0,0.543545622628757,0.808260081378073,NA,NA
"11","VC DMSO 0.3%",0.333333333333333,"Am_72",-0.477121254719663,0.656599182559972,0.733318677660534,0,0,0.656599182559972,0.733318677660534,NA,NA
"12","VC DMSO 0.3%",1,"Am_72",0,0.289684122817876,0.654819447613543,0,0,0.289684122817876,0.654819447613543,NA,NA
"13","VC DMSO 0.3%",0.00411522633744856,"Am_86",-2.38560627359831,0.632653825118327,0.868472878767748,0,0,0.632653825118327,0.868472878767748,NA,NA
"14","VC DMSO 0.3%",0.0123456790123457,"Am_86",-1.90848501887865,0.711998732728336,0.874459017237673,0,0,0.711998732728336,0.874459017237673,NA,NA
"15","VC DMSO 0.3%",0.037037037037037,"Am_86",-1.43136376415899,0.717593123117698,0.906950745908069,0,0,0.717593123117698,0.906950745908069,NA,NA
"16","VC DMSO 0.3%",0.111111111111111,"Am_86",-0.954242509439325,0.656180483101988,0.855085712892182,0,0,0.656180483101988,0.855085712892182,NA,NA
"17","VC DMSO 0.3%",0.333333333333333,"Am_86",-0.477121254719663,0.601776439123335,0.741222451047016,0,0,0.601776439123335,0.741222451047016,NA,NA
"18","VC DMSO 0.3%",1,"Am_86",0,0.34025163890631,0.866874631561433,0,0,0.34025163890631,0.866874631561433,NA,NA
"19","VC DMSO 0.3%",0.00411522633744856,"Fh_12",-2.38560627359831,0.620031626885068,0.741526781464699,0,0,0.620031626885068,0.741526781464699,NA,NA
"20","VC DMSO 0.3%",0.0123456790123457,"Fh_12",-1.90848501887865,0.758790247031501,0.802224627818058,0,0,0.758790247031501,0.802224627818058,NA,NA
"21","VC DMSO 0.3%",0.037037037037037,"Fh_12",-1.43136376415899,0.918716318024117,0.929491052511235,0,0,0.918716318024117,0.929491052511235,NA,NA
"22","VC DMSO 0.3%",0.111111111111111,"Fh_12",-0.954242509439325,0.888096296191002,0.88315293726708,0,0,0.888096296191002,0.88315293726708,NA,NA
"23","VC DMSO 0.3%",0.333333333333333,"Fh_12",-0.477121254719663,0.78238066737023,0.846274522537185,0,0,0.78238066737023,0.846274522537185,NA,NA
"24","VC DMSO 0.3%",1,"Fh_12",0,0.706548525509458,0.899662790441736,0,0,0.706548525509458,0.899662790441736,NA,NA
"25","VC DMSO 0.3%",0.00411522633744856,"Gc_07",-2.38560627359831,0.622671806354773,0.928442452519262,0,0,0.622671806354773,0.928442452519262,NA,NA
"26","VC DMSO 0.3%",0.0123456790123457,"Gc_07",-1.90848501887865,0.720935815695512,0.986413570263108,0,0,0.720935815695512,0.986413570263108,NA,NA
"27","VC DMSO 0.3%",0.037037037037037,"Gc_07",-1.43136376415899,0.622087356039082,0.9330342577665,0,0,0.622087356039082,0.9330342577665,NA,NA
"28","VC DMSO 0.3%",0.111111111111111,"Gc_07",-0.954242509439325,0.639695192301699,0.894160459523536,0,0,0.639695192301699,0.894160459523536,NA,NA
"29","VC DMSO 0.3%",0.333333333333333,"Gc_07",-0.477121254719663,0.6260355619842,0.87798442547315,0,0,0.6260355619842,0.87798442547315,NA,NA
"30","VC DMSO 0.3%",1,"Gc_07",0,0.619087258932381,0.977289595819821,0,0,0.619087258932381,0.977289595819821,NA,NA
"31","VC DMSO 0.3%",0.00411522633744856,"Gc_23",-2.38560627359831,0.676275610699527,0.873522018456673,0,0,0.676275610699527,0.873522018456673,NA,NA
"32","VC DMSO 0.3%",0.0123456790123457,"Gc_23",-1.90848501887865,0.690595427813219,0.818732515423778,0,0,0.690595427813219,0.818732515423778,NA,NA
"33","VC DMSO 0.3%",0.037037037037037,"Gc_23",-1.43136376415899,0.705112604074959,0.880601671892939,0,0,0.705112604074959,0.880601671892939,NA,NA
"34","VC DMSO 0.3%",0.111111111111111,"Gc_23",-0.954242509439325,0.691423704891991,0.805532678612898,0,0,0.691423704891991,0.805532678612898,NA,NA
"35","VC DMSO 0.3%",0.333333333333333,"Gc_23",-0.477121254719663,0.838124047172888,0.796673502513117,0,0,0.838124047172888,0.796673502513117,NA,NA
"36","VC DMSO 0.3%",1,"Gc_23",0,0.201754573591397,0.596322336725732,0,0,0.201754573591397,0.596322336725732,NA,NA
"37","VC DMSO 0.3%",0.00411522633744856,"Gc_25",-2.38560627359831,0.698561685111707,0.920685822657828,0,0,0.698561685111707,0.920685822657828,NA,NA
"38","VC DMSO 0.3%",0.0123456790123457,"Gc_25",-1.90848501887865,0.786363002041161,0.914950758032524,0,0,0.786363002041161,0.914950758032524,NA,NA
"39","VC DMSO 0.3%",0.037037037037037,"Gc_25",-1.43136376415899,0.735107280909755,0.831851169065059,0,0,0.735107280909755,0.831851169065059,NA,NA
"40","VC DMSO 0.3%",0.111111111111111,"Gc_25",-0.954242509439325,0.835376638120902,0.839335691770075,0,0,0.835376638120902,0.839335691770075,NA,NA
"41","VC DMSO 0.3%",0.333333333333333,"Gc_25",-0.477121254719663,0.802897387852765,0.735458013235404,0,0,0.802897387852765,0.735458013235404,NA,NA
"42","VC DMSO 0.3%",1,"Gc_25",0,0.392760224904135,0.885269975703812,0,0,0.392760224904135,0.885269975703812,NA,NA
"43","VC DMSO 0.3%",0.00411522633744856,"Gc_26",-2.38560627359831,0.674023997908111,0.984404207072028,0,0,0.674023997908111,0.984404207072028,NA,NA
"44","VC DMSO 0.3%",0.0123456790123457,"Gc_26",-1.90848501887865,0.804746641506706,0.999556272812736,0,0,0.804746641506706,0.999556272812736,NA,NA
"45","VC DMSO 0.3%",0.037037037037037,"Gc_26",-1.43136376415899,0.809416868565936,0.966210794102509,0,0,0.809416868565936,0.966210794102509,NA,NA
"46","VC DMSO 0.3%",0.111111111111111,"Gc_26",-0.954242509439325,0.620129682521039,0.770715104290003,0,0,0.620129682521039,0.770715104290003,NA,NA
"47","VC DMSO 0.3%",0.333333333333333,"Gc_26",-0.477121254719663,0.688615344634405,0.901390715196502,0,0,0.688615344634405,0.901390715196502,NA,NA
"48","VC DMSO 0.3%",1,"Gc_26",0,0.214404614546005,0.955251890366099,0,0,0.214404614546005,0.955251890366099,NA,NA
"49","VC DMSO 0.3%",0.00411522633744856,"Gc_28",-2.38560627359831,0.860671402158104,0.920365357333038,0,0,0.860671402158104,0.920365357333038,NA,NA
"50","VC DMSO 0.3%",0.0123456790123457,"Gc_28",-1.90848501887865,0.85284383189007,0.835006602052946,0,0,0.85284383189007,0.835006602052946,NA,NA
"51","VC DMSO 0.3%",0.037037037037037,"Gc_28",-1.43136376415899,0.947247916349276,0.84072325240085,0,0,0.947247916349276,0.84072325240085,NA,NA
"52","VC DMSO 0.3%",0.111111111111111,"Gc_28",-0.954242509439325,0.996235939429148,0.866923444914189,0,0,0.996235939429148,0.866923444914189,NA,NA
"53","VC DMSO 0.3%",0.333333333333333,"Gc_28",-0.477121254719663,0.880768038177308,0.901916620407119,0,0,0.880768038177308,0.901916620407119,NA,NA
"54","VC DMSO 0.3%",1,"Gc_28",0,0.320572885054806,0.798429765944226,0,0,0.320572885054806,0.798429765944226,NA,NA
"55","VC DMSO 0.3%",0.00411522633744856,"Gc_32",-2.38560627359831,0.696384165992469,0.880067264734582,0,0,0.696384165992469,0.880067264734582,NA,NA
"56","VC DMSO 0.3%",0.0123456790123457,"Gc_32",-1.90848501887865,0.894581294384914,0.86674807306053,0,0,0.894581294384914,0.86674807306053,NA,NA
"57","VC DMSO 0.3%",0.037037037037037,"Gc_32",-1.43136376415899,0.8315980363652,0.901283705485595,0,0,0.8315980363652,0.901283705485595,NA,NA
"58","VC DMSO 0.3%",0.111111111111111,"Gc_32",-0.954242509439325,0.890987586729138,0.856599664778082,0,0,0.890987586729138,0.856599664778082,NA,NA
"59","VC DMSO 0.3%",0.333333333333333,"Gc_32",-0.477121254719663,0.784493039129054,0.879840750156559,0,0,0.784493039129054,0.879840750156559,NA,NA
"60","VC DMSO 0.3%",1,"Gc_32",0,0.261691255919037,0.755503671470698,0,0,0.261691255919037,0.755503671470698,NA,NA
"61","VC DMSO 0.3%",0.00411522633744856,"Gc_33",-2.38560627359831,0.847755873505307,0.938475109481589,0,0,0.847755873505307,0.938475109481589,NA,NA
"62","VC DMSO 0.3%",0.0123456790123457,"Gc_33",-1.90848501887865,0.809346581601522,0.912192011339556,0,0,0.809346581601522,0.912192011339556,NA,NA
"63","VC DMSO 0.3%",0.037037037037037,"Gc_33",-1.43136376415899,0.951505655905197,0.947873804943142,0,0,0.951505655905197,0.947873804943142,NA,NA
"64","VC DMSO 0.3%",0.111111111111111,"Gc_33",-0.954242509439325,0.946651066807499,0.9633582897713,0,0,0.946651066807499,0.9633582897713,NA,NA
"65","VC DMSO 0.3%",0.333333333333333,"Gc_33",-0.477121254719663,0.750335919333954,0.93862090297113,0,0,0.750335919333954,0.93862090297113,NA,NA
"66","VC DMSO 0.3%",1,"Gc_33",0,0.39363302784787,0.899085787335519,0,0,0.39363302784787,0.899085787335519,NA,NA
"67","VC DMSO 0.3%",0.00411522633744856,"Gc_34",-2.38560627359831,0.946923803157435,0.847622147634899,0,0,0.946923803157435,0.847622147634899,NA,NA
"68","VC DMSO 0.3%",0.0123456790123457,"Gc_34",-1.90848501887865,0.806362405199847,1.0240003639682,0,0,0.806362405199847,1.0240003639682,NA,NA
"69","VC DMSO 0.3%",0.037037037037037,"Gc_34",-1.43136376415899,0.992829465298172,0.925842604832923,0,0,0.992829465298172,0.925842604832923,NA,NA
"70","VC DMSO 0.3%",0.111111111111111,"Gc_34",-0.954242509439325,1.00359839747586,0.902181841175528,0,0,1.00359839747586,0.902181841175528,NA,NA
"71","VC DMSO 0.3%",0.333333333333333,"Gc_34",-0.477121254719663,0.856631308650332,0.890067857060505,0,0,0.856631308650332,0.890067857060505,NA,NA
"72","VC DMSO 0.3%",1,"Gc_34",0,0.326852019345064,0.79626248997935,0,0,0.326852019345064,0.79626248997935,NA,NA
"73","VC DMSO 0.3%",0.00411522633744856,"Gc_35",-2.38560627359831,0.894998830986923,0.962204602532774,0,0,0.894998830986923,0.962204602532774,NA,NA
"74","VC DMSO 0.3%",0.0123456790123457,"Gc_35",-1.90848501887865,1.12933013179703,0.96306612519082,0,0,1.12933013179703,0.96306612519082,NA,NA
"75","VC DMSO 0.3%",0.037037037037037,"Gc_35",-1.43136376415899,0.94449262785103,0.984760659550177,0,0,0.94449262785103,0.984760659550177,NA,NA
"76","VC DMSO 0.3%",0.111111111111111,"Gc_35",-0.954242509439325,0.883826140953487,0.939188398930756,0,0,0.883826140953487,0.939188398930756,NA,NA
"77","VC DMSO 0.3%",0.333333333333333,"Gc_35",-0.477121254719663,0.833059661304869,0.945800153854394,0,0,0.833059661304869,0.945800153854394,NA,NA
"78","VC DMSO 0.3%",1,"Gc_35",0,0.458433412882647,0.912419550082445,0,0,0.458433412882647,0.912419550082445,NA,NA
"79","VC DMSO 0.3%",0.00411522633744856,"Gc_36",-2.38560627359831,0.911302458452233,0.97679320517854,0,0,0.911302458452233,0.97679320517854,NA,NA
"80","VC DMSO 0.3%",0.0123456790123457,"Gc_36",-1.90848501887865,1.09339922331259,0.968594646452998,0,0,1.09339922331259,0.968594646452998,NA,NA
"81","VC DMSO 0.3%",0.037037037037037,"Gc_36",-1.43136376415899,1.03610473076935,0.950022861463328,0,0,1.03610473076935,0.950022861463328,NA,NA
"82","VC DMSO 0.3%",0.111111111111111,"Gc_36",-0.954242509439325,0.980359691702857,0.935572305551639,0,0,0.980359691702857,0.935572305551639,NA,NA
"83","VC DMSO 0.3%",0.333333333333333,"Gc_36",-0.477121254719663,0.881835356208607,0.94480754499016,0,0,0.881835356208607,0.94480754499016,NA,NA
"84","VC DMSO 0.3%",1,"Gc_36",0,0.404018692021191,0.960670674259426,0,0,0.404018692021191,0.960670674259426,NA,NA
"85","VC DMSO 0.3%",0.00411522633744856,"Gc_37",-2.38560627359831,0.938478951090528,0.95383184957075,0,0,0.938478951090528,0.95383184957075,NA,NA
"86","VC DMSO 0.3%",0.0123456790123457,"Gc_37",-1.90848501887865,0.890991127406173,0.907017025237422,0,0,0.890991127406173,0.907017025237422,NA,NA
"87","VC DMSO 0.3%",0.037037037037037,"Gc_37",-1.43136376415899,0.974080280411529,0.951866080629648,0,0,0.974080280411529,0.951866080629648,NA,NA
"88","VC DMSO 0.3%",0.111111111111111,"Gc_37",-0.954242509439325,1.00714009475263,0.891532392129501,0,0,1.00714009475263,0.891532392129501,NA,NA
"89","VC DMSO 0.3%",0.333333333333333,"Gc_37",-0.477121254719663,1.06974646676291,0.963982747573848,0,0,1.06974646676291,0.963982747573848,NA,NA
"90","VC DMSO 0.3%",1,"Gc_37",0,0.39604885564948,0.900900740241195,0,0,0.39604885564948,0.900900740241195,NA,NA
"91","VC DMSO 0.3%",0.00411522633744856,"Ko_09",-2.38560627359831,0.781774627426637,0.948414020874958,0,0,0.781774627426637,0.948414020874958,NA,NA
"92","VC DMSO 0.3%",0.0123456790123457,"Ko_09",-1.90848501887865,0.899194376946308,0.93003622891834,0,0,0.899194376946308,0.93003622891834,NA,NA
"93","VC DMSO 0.3%",0.037037037037037,"Ko_09",-1.43136376415899,0.939612957814924,0.989001384874356,0,0,0.939612957814924,0.989001384874356,NA,NA
"94","VC DMSO 0.3%",0.111111111111111,"Ko_09",-0.954242509439325,0.991553389936208,0.928296053841391,0,0,0.991553389936208,0.928296053841391,NA,NA
"95","VC DMSO 0.3%",0.333333333333333,"Ko_09",-0.477121254719663,1.00936330807798,0.881069470402936,0,0,1.00936330807798,0.881069470402936,NA,NA
"96","VC DMSO 0.3%",1,"Ko_09",0,0.4427409704501,1.00109817370956,0,0,0.4427409704501,1.00109817370956,NA,NA
"97","VC DMSO 0.3%",0.00411522633744856,"Ko_11",-2.38560627359831,1.01487876961808,1.00831751875075,0,0,1.01487876961808,1.00831751875075,NA,NA
"98","VC DMSO 0.3%",0.0123456790123457,"Ko_11",-1.90848501887865,1.15691570016308,0.974349504702321,0,0,1.15691570016308,0.974349504702321,NA,NA
"99","VC DMSO 0.3%",0.037037037037037,"Ko_11",-1.43136376415899,0.927062406868161,1.01235858709981,0,0,0.927062406868161,1.01235858709981,NA,NA
"100","VC DMSO 0.3%",0.111111111111111,"Ko_11",-0.954242509439325,0.940829285966034,0.988894357921616,0,0,0.940829285966034,0.988894357921616,NA,NA
"101","VC DMSO 0.3%",0.333333333333333,"Ko_11",-0.477121254719663,0.855467119779714,0.976702613140796,0,0,0.855467119779714,0.976702613140796,NA,NA
"102","VC DMSO 0.3%",1,"Ko_11",0,0.38112594412832,0.954554942726032,0,0,0.38112594412832,0.954554942726032,NA,NA
"103","VC DMSO 0.3%",0.00411522633744856,"Ko_15",-2.38560627359831,1.02963556551775,0.901937857172542,0,0,1.02963556551775,0.901937857172542,NA,NA
"104","VC DMSO 0.3%",0.0123456790123457,"Ko_15",-1.90848501887865,1.06418404394251,0.842773713224522,0,0,1.06418404394251,0.842773713224522,NA,NA
"105","VC DMSO 0.3%",0.037037037037037,"Ko_15",-1.43136376415899,0.954303470924053,0.821768583203396,0,0,0.954303470924053,0.821768583203396,NA,NA
"106","VC DMSO 0.3%",0.111111111111111,"Ko_15",-0.954242509439325,1.13733380618056,0.889989336029885,0,0,1.13733380618056,0.889989336029885,NA,NA
"107","VC DMSO 0.3%",0.333333333333333,"Ko_15",-0.477121254719663,1.20101818407528,0.936559493583648,0,0,1.20101818407528,0.936559493583648,NA,NA
"108","VC DMSO 0.3%",1,"Ko_15",0,0.663888504096618,1.12421375130442,0,0,0.663888504096618,1.12421375130442,NA,NA
"109","VC DMSO 0.3%",0.00411522633744856,"Ko_16",-2.38560627359831,0.938728649727763,1.05429924358735,0,0,0.938728649727763,1.05429924358735,NA,NA
"110","VC DMSO 0.3%",0.0123456790123457,"Ko_16",-1.90848501887865,0.948134317028673,1.03355044099729,0,0,0.948134317028673,1.03355044099729,NA,NA
"111","VC DMSO 0.3%",0.037037037037037,"Ko_16",-1.43136376415899,0.838042822780111,0.984330767209526,0,0,0.838042822780111,0.984330767209526,NA,NA
"112","VC DMSO 0.3%",0.111111111111111,"Ko_16",-0.954242509439325,0.615834940010386,1.03716023076235,0,0,0.615834940010386,1.03716023076235,NA,NA
"113","VC DMSO 0.3%",0.333333333333333,"Ko_16",-0.477121254719663,-0.230792935773919,-0.184131920255713,0,0,-0.230792935773919,-0.184131920255713,NA,NA
"114","VC DMSO 0.3%",1,"Ko_16",0,-0.246179788432671,-0.321743411851736,0,0,-0.246179788432671,-0.321743411851736,NA,NA
"115","VC DMSO 0.3%",0.00411522633744856,"Ko_17",-2.38560627359831,0.851453952969953,0.995696240259398,0,0,0.851453952969953,0.995696240259398,NA,NA
"116","VC DMSO 0.3%",0.0123456790123457,"Ko_17",-1.90848501887865,1.02554353293817,0.979758376265988,0,0,1.02554353293817,0.979758376265988,NA,NA
"117","VC DMSO 0.3%",0.037037037037037,"Ko_17",-1.43136376415899,0.847833738231648,1.0656522128601,0,0,0.847833738231648,1.0656522128601,NA,NA
"118","VC DMSO 0.3%",0.111111111111111,"Ko_17",-0.954242509439325,0.680529458527553,0.945677041995862,0,0,0.680529458527553,0.945677041995862,NA,NA
"119","VC DMSO 0.3%",0.333333333333333,"Ko_17",-0.477121254719663,-0.0149435138185169,0.447338128785891,0,0,-0.0149435138185169,0.447338128785891,NA,NA
"120","VC DMSO 0.3%",1,"Ko_17",0,-0.221905021867848,-0.230947432538169,0,0,-0.221905021867848,-0.230947432538169,NA,NA
"121","VC DMSO 0.3%",0.00411522633744856,"Ko_18",-2.38560627359831,0.868023150410997,0.853717351042196,0,0,0.868023150410997,0.853717351042196,NA,NA
"122","VC DMSO 0.3%",0.0123456790123457,"Ko_18",-1.90848501887865,0.834347271978692,0.975053421491195,0,0,0.834347271978692,0.975053421491195,NA,NA
"123","VC DMSO 0.3%",0.037037037037037,"Ko_18",-1.43136376415899,0.978655071003314,0.832185289921403,0,0,0.978655071003314,0.832185289921403,NA,NA
"124","VC DMSO 0.3%",0.111111111111111,"Ko_18",-0.954242509439325,0.956118036364871,0.950559449713531,0,0,0.956118036364871,0.950559449713531,NA,NA
"125","VC DMSO 0.3%",0.333333333333333,"Ko_18",-0.477121254719663,0.885368079747764,0.971193826880409,0,0,0.885368079747764,0.971193826880409,NA,NA
"126","VC DMSO 0.3%",1,"Ko_18",0,0.305128523134435,1.15489731000615,0,0,0.305128523134435,1.15489731000615,NA,NA
"127","VC DMSO 0.3%",0.00411522633744856,"Ko_20",-2.38560627359831,0.656489780850495,0.870755481903659,0,0,0.656489780850495,0.870755481903659,NA,NA
"128","VC DMSO 0.3%",0.0123456790123457,"Ko_20",-1.90848501887865,0.895680453826266,0.909205024161103,0,0,0.895680453826266,0.909205024161103,NA,NA
"129","VC DMSO 0.3%",0.037037037037037,"Ko_20",-1.43136376415899,0.846994296089971,0.988999152057012,0,0,0.846994296089971,0.988999152057012,NA,NA
"130","VC DMSO 0.3%",0.111111111111111,"Ko_20",-0.954242509439325,0.716677544078132,0.94138595845071,0,0,0.716677544078132,0.94138595845071,NA,NA
"131","VC DMSO 0.3%",0.333333333333333,"Ko_20",-0.477121254719663,0.328970202641176,1.17040063843335,0,0,0.328970202641176,1.17040063843335,NA,NA
"132","VC DMSO 0.3%",1,"Ko_20",0,-0.210872861881882,-0.130723701826465,0,0,-0.210872861881882,-0.130723701826465,NA,NA
"133","VC DMSO 0.3%",0.00411522633744856,"Ko_21",-2.38560627359831,1.01397726003877,1.08094102702488,0,0,1.01397726003877,1.08094102702488,NA,NA
"134","VC DMSO 0.3%",0.0123456790123457,"Ko_21",-1.90848501887865,0.705270453545727,1.0704616307271,0,0,0.705270453545727,1.0704616307271,NA,NA
"135","VC DMSO 0.3%",0.037037037037037,"Ko_21",-1.43136376415899,0.704452795755476,1.02498347947931,0,0,0.704452795755476,1.02498347947931,NA,NA
"136","VC DMSO 0.3%",0.111111111111111,"Ko_21",-0.954242509439325,0.461914553886035,1.08238366496625,0,0,0.461914553886035,1.08238366496625,NA,NA
"137","VC DMSO 0.3%",0.333333333333333,"Ko_21",-0.477121254719663,0.354999277315181,1.02649480026153,0,0,0.354999277315181,1.02649480026153,NA,NA
"138","VC DMSO 0.3%",1,"Ko_21",0,-0.234680253592887,-0.283984930872652,0,0,-0.234680253592887,-0.283984930872652,NA,NA
"139","VC DMSO 0.3%",0.00411522633744856,"Ko_22",-2.38560627359831,1.00406316687408,0.873918339224737,0,0,1.00406316687408,0.873918339224737,NA,NA
"140","VC DMSO 0.3%",0.0123456790123457,"Ko_22",-1.90848501887865,0.922661995306006,1.00866940559158,0,0,0.922661995306006,1.00866940559158,NA,NA
"141","VC DMSO 0.3%",0.037037037037037,"Ko_22",-1.43136376415899,1.15239616168559,0.883285456269571,0,0,1.15239616168559,0.883285456269571,NA,NA
"142","VC DMSO 0.3%",0.111111111111111,"Ko_22",-0.954242509439325,1.13958599491479,0.936207196387199,0,0,1.13958599491479,0.936207196387199,NA,NA
"143","VC DMSO 0.3%",0.333333333333333,"Ko_22",-0.477121254719663,1.09938603096936,0.976203732778865,0,0,1.09938603096936,0.976203732778865,NA,NA
"144","VC DMSO 0.3%",1,"Ko_22",0,1.06888058336074,1.08058222276074,0,0,1.06888058336074,1.08058222276074,NA,NA
"145","VC DMSO 0.3%",0.00411522633744856,"Ko_25",-2.38560627359831,1.1763347202594,1.08835565306402,0,0,1.1763347202594,1.08835565306402,NA,NA
"146","VC DMSO 0.3%",0.0123456790123457,"Ko_25",-1.90848501887865,0.983903969751966,1.0355324276063,0,0,0.983903969751966,1.0355324276063,NA,NA
"147","VC DMSO 0.3%",0.037037037037037,"Ko_25",-1.43136376415899,1.01625839675604,1.10254052267782,0,0,1.01625839675604,1.10254052267782,NA,NA
"148","VC DMSO 0.3%",0.111111111111111,"Ko_25",-0.954242509439325,0.979335879294958,1.03924479765542,0,0,0.979335879294958,1.03924479765542,NA,NA
"149","VC DMSO 0.3%",0.333333333333333,"Ko_25",-0.477121254719663,0.898478600697888,1.13505046217199,0,0,0.898478600697888,1.13505046217199,NA,NA
"150","VC DMSO 0.3%",1,"Ko_25",0,0.260764078488161,0.751708883736747,0,0,0.260764078488161,0.751708883736747,NA,NA
"151","VC DMSO 0.3%",0.00411522633744856,"Ko_26",-2.38560627359831,1.21572082215201,1.07208898904386,0,0,1.21572082215201,1.07208898904386,NA,NA
"152","VC DMSO 0.3%",0.0123456790123457,"Ko_26",-1.90848501887865,1.1984089464478,1.08736014929607,0,0,1.1984089464478,1.08736014929607,NA,NA
"153","VC DMSO 0.3%",0.037037037037037,"Ko_26",-1.43136376415899,1.0927030592884,1.07499188435553,0,0,1.0927030592884,1.07499188435553,NA,NA
"154","VC DMSO 0.3%",0.111111111111111,"Ko_26",-0.954242509439325,1.14045727023877,0.9771339744856,0,0,1.14045727023877,0.9771339744856,NA,NA
"155","VC DMSO 0.3%",0.333333333333333,"Ko_26",-0.477121254719663,1.08826724369847,1.00302101048706,0,0,1.08826724369847,1.00302101048706,NA,NA
"156","VC DMSO 0.3%",1,"Ko_26",0,0.594721191718061,1.16044344207632,0,0,0.594721191718061,1.16044344207632,NA,NA
"157","VC DMSO 0.3%",0.00411522633744856,"Ko_29",-2.38560627359831,0.911316475803377,0.95939615453266,0,0,0.911316475803377,0.95939615453266,NA,NA
"158","VC DMSO 0.3%",0.0123456790123457,"Ko_29",-1.90848501887865,0.977362978945854,0.97504060736108,0,0,0.977362978945854,0.97504060736108,NA,NA
"159","VC DMSO 0.3%",0.037037037037037,"Ko_29",-1.43136376415899,1.15079214174076,0.936469749844079,0,0,1.15079214174076,0.936469749844079,NA,NA
"160","VC DMSO 0.3%",0.111111111111111,"Ko_29",-0.954242509439325,1.20535432316159,1.04494193197281,0,0,1.20535432316159,1.04494193197281,NA,NA
"161","VC DMSO 0.3%",0.333333333333333,"Ko_29",-0.477121254719663,0.538199161909405,1.1487752852038,0,0,0.538199161909405,1.1487752852038,NA,NA
"162","VC DMSO 0.3%",1,"Ko_29",0,-0.20224848843876,-0.0928089132882154,0,0,-0.20224848843876,-0.0928089132882154,NA,NA
"163","VC DMSO 0.3%",0.00411522633744856,"Ko_30",-2.38560627359831,0.871004389504303,0.855265769351805,0,0,0.871004389504303,0.855265769351805,NA,NA
"164","VC DMSO 0.3%",0.0123456790123457,"Ko_30",-1.90848501887865,1.09142814129724,0.943271075270661,0,0,1.09142814129724,0.943271075270661,NA,NA
"165","VC DMSO 0.3%",0.037037037037037,"Ko_30",-1.43136376415899,1.18093449031396,0.95926340448961,0,0,1.18093449031396,0.95926340448961,NA,NA
"166","VC DMSO 0.3%",0.111111111111111,"Ko_30",-0.954242509439325,1.18212045530825,0.898811007695022,0,0,1.18212045530825,0.898811007695022,NA,NA
"167","VC DMSO 0.3%",0.333333333333333,"Ko_30",-0.477121254719663,-0.188526409464335,-0.0498529973407301,0,0,-0.188526409464335,-0.0498529973407301,NA,NA
"168","VC DMSO 0.3%",1,"Ko_30",0,-0.197617370639423,-0.101836931759584,0,0,-0.197617370639423,-0.101836931759584,NA,NA
"169","VC DMSO 0.3%",0.00411522633744856,"Ko_43",-2.38560627359831,0.566063291875608,1.03966271899158,0,0,0.566063291875608,1.03966271899158,NA,NA
"170","VC DMSO 0.3%",0.0123456790123457,"Ko_43",-1.90848501887865,1.16885214796681,1.06829910488715,0,0,1.16885214796681,1.06829910488715,NA,NA
"171","VC DMSO 0.3%",0.037037037037037,"Ko_43",-1.43136376415899,0.647603836120343,1.15506552305085,0,0,0.647603836120343,1.15506552305085,NA,NA
"172","VC DMSO 0.3%",0.111111111111111,"Ko_43",-0.954242509439325,0.201841167965301,0.751990051476286,0,0,0.201841167965301,0.751990051476286,NA,NA
"173","VC DMSO 0.3%",0.333333333333333,"Ko_43",-0.477121254719663,-0.201253459458812,-0.138568037442836,0,0,-0.201253459458812,-0.138568037442836,NA,NA
"174","VC DMSO 0.3%",1,"Ko_43",0,-0.227500218577155,-0.280410478243858,0,0,-0.227500218577155,-0.280410478243858,NA,NA
"175","VC DMSO 0.3%",0.00411522633744856,"Ko_44",-2.38560627359831,0.998621628965894,0.946791378199456,0,0,0.998621628965894,0.946791378199456,NA,NA
"176","VC DMSO 0.3%",0.0123456790123457,"Ko_44",-1.90848501887865,0.933677420039247,0.98225417638829,0,0,0.933677420039247,0.98225417638829,NA,NA
"177","VC DMSO 0.3%",0.037037037037037,"Ko_44",-1.43136376415899,1.11349338552026,1.05101967802443,0,0,1.11349338552026,1.05101967802443,NA,NA
"178","VC DMSO 0.3%",0.111111111111111,"Ko_44",-0.954242509439325,1.39133534785881,1.095490516573,0,0,1.39133534785881,1.095490516573,NA,NA
"179","VC DMSO 0.3%",0.333333333333333,"Ko_44",-0.477121254719663,0.818778481726477,1.23346273317334,0,0,0.818778481726477,1.23346273317334,NA,NA
"180","VC DMSO 0.3%",1,"Ko_44",0,-0.234307300450122,0.0147148490694938,0,0,-0.234307300450122,0.0147148490694938,NA,NA
"181","VC DMSO 0.3%",0.00411522633744856,"Ko_58",-2.38560627359831,1.13018571953569,1.10933205474339,0,0,1.13018571953569,1.10933205474339,NA,NA
"182","VC DMSO 0.3%",0.0123456790123457,"Ko_58",-1.90848501887865,1.08399993252144,1.01192894476573,0,0,1.08399993252144,1.01192894476573,NA,NA
"183","VC DMSO 0.3%",0.037037037037037,"Ko_58",-1.43136376415899,1.10102927810524,1.09638795914126,0,0,1.10102927810524,1.09638795914126,NA,NA
"184","VC DMSO 0.3%",0.111111111111111,"Ko_58",-0.954242509439325,1.08164998160782,1.02696765407689,0,0,1.08164998160782,1.02696765407689,NA,NA
"185","VC DMSO 0.3%",0.333333333333333,"Ko_58",-0.477121254719663,1.06453817746806,1.15246066316372,0,0,1.06453817746806,1.15246066316372,NA,NA
"186","VC DMSO 0.3%",1,"Ko_58",0,0.794178732570418,1.31705927141746,0,0,0.794178732570418,1.31705927141746,NA,NA
"187","VC DMSO 0.3%",0.00411522633744856,"Mo_07",-2.38560627359831,1.0713500067554,1.10308008341999,0,0,1.0713500067554,1.10308008341999,NA,NA
"188","VC DMSO 0.3%",0.0123456790123457,"Mo_07",-1.90848501887865,1.10777704609576,1.14952107550774,0,0,1.10777704609576,1.14952107550774,NA,NA
"189","VC DMSO 0.3%",0.037037037037037,"Mo_07",-1.43136376415899,1.0371399523302,1.08249712139843,0,0,1.0371399523302,1.08249712139843,NA,NA
"190","VC DMSO 0.3%",0.111111111111111,"Mo_07",-0.954242509439325,1.05013828236206,1.0436817591751,0,0,1.05013828236206,1.0436817591751,NA,NA
"191","VC DMSO 0.3%",0.333333333333333,"Mo_07",-0.477121254719663,0.932265553816425,1.0399780772855,0,0,0.932265553816425,1.0399780772855,NA,NA
"192","VC DMSO 0.3%",1,"Mo_07",0,0.851983211508217,1.01823252951553,0,0,0.851983211508217,1.01823252951553,NA,NA
"193","VC DMSO 0.3%",0.00411522633744856,"Mo_62",-2.38560627359831,0.47962802903172,0.973355644081029,0,0,0.47962802903172,0.973355644081029,NA,NA
"194","VC DMSO 0.3%",0.0123456790123457,"Mo_62",-1.90848501887865,0.670092658859792,0.965774272277158,0,0,0.670092658859792,0.965774272277158,NA,NA
"195","VC DMSO 0.3%",0.037037037037037,"Mo_62",-1.43136376415899,0.972186385704062,0.907104215461559,0,0,0.972186385704062,0.907104215461559,NA,NA
"196","VC DMSO 0.3%",0.111111111111111,"Mo_62",-0.954242509439325,1.06710809191403,1.02217954539101,0,0,1.06710809191403,1.02217954539101,NA,NA
"197","VC DMSO 0.3%",0.333333333333333,"Mo_62",-0.477121254719663,0.0464705166877096,0.215204259872033,0,0,0.0464705166877096,0.215204259872033,NA,NA
"198","VC DMSO 0.3%",1,"Mo_62",0,-0.240786404829202,-0.149365759353957,0,0,-0.240786404829202,-0.149365759353957,NA,NA
"199","VC DMSO 0.3%",0.00411522633744856,"Mo_63",-2.38560627359831,0.884602059344978,0.772720050123527,0,0,0.884602059344978,0.772720050123527,NA,NA
"200","VC DMSO 0.3%",0.0123456790123457,"Mo_63",-1.90848501887865,0.931812177115659,0.822522234058895,0,0,0.931812177115659,0.822522234058895,NA,NA
"201","VC DMSO 0.3%",0.037037037037037,"Mo_63",-1.43136376415899,0.593261475617443,1.1475376285155,0,0,0.593261475617443,1.1475376285155,NA,NA
"202","VC DMSO 0.3%",0.111111111111111,"Mo_63",-0.954242509439325,0.281632348981328,0.870180394365064,0,0,0.281632348981328,0.870180394365064,NA,NA
"203","VC DMSO 0.3%",0.333333333333333,"Mo_63",-0.477121254719663,-0.201797100112006,-0.132667418463454,0,0,-0.201797100112006,-0.132667418463454,NA,NA
"204","VC DMSO 0.3%",1,"Mo_63",0,-0.212517798450022,-0.157844053022736,0,0,-0.212517798450022,-0.157844053022736,NA,NA
"205","VC DMSO 0.3%",0.00411522633744856,"Mo_64",-2.38560627359831,0.936351566422261,1.16476554885118,0,0,0.936351566422261,1.16476554885118,NA,NA
"206","VC DMSO 0.3%",0.0123456790123457,"Mo_64",-1.90848501887865,0.881342672781838,1.09344800078587,0,0,0.881342672781838,1.09344800078587,NA,NA
"207","VC DMSO 0.3%",0.037037037037037,"Mo_64",-1.43136376415899,0.505615696159733,1.11764617168053,0,0,0.505615696159733,1.11764617168053,NA,NA
"208","VC DMSO 0.3%",0.111111111111111,"Mo_64",-0.954242509439325,0.610008751835075,1.09162546492214,0,0,0.610008751835075,1.09162546492214,NA,NA
"209","VC DMSO 0.3%",0.333333333333333,"Mo_64",-0.477121254719663,-0.213609130554226,-0.189447499710626,0,0,-0.213609130554226,-0.189447499710626,NA,NA
"210","VC DMSO 0.3%",1,"Mo_64",0,-0.215520144476297,-0.323668165921044,0,0,-0.215520144476297,-0.323668165921044,NA,NA
"211","VC DMSO 0.3%",0.00411522633744856,"Mo_65",-2.38560627359831,0.929122954743749,0.849252037052714,0,0,0.929122954743749,0.849252037052714,NA,NA
"212","VC DMSO 0.3%",0.0123456790123457,"Mo_65",-1.90848501887865,0.972296423693223,0.933220509216636,0,0,0.972296423693223,0.933220509216636,NA,NA
"213","VC DMSO 0.3%",0.037037037037037,"Mo_65",-1.43136376415899,1.10781831376992,0.977317215511736,0,0,1.10781831376992,0.977317215511736,NA,NA
"214","VC DMSO 0.3%",0.111111111111111,"Mo_65",-0.954242509439325,1.10253708543112,1.01107239120389,0,0,1.10253708543112,1.01107239120389,NA,NA
"215","VC DMSO 0.3%",0.333333333333333,"Mo_65",-0.477121254719663,0.912687170342502,1.26033275192379,0,0,0.912687170342502,1.26033275192379,NA,NA
"216","VC DMSO 0.3%",1,"Mo_65",0,0.660905024311493,1.13336487818595,0,0,0.660905024311493,1.13336487818595,NA,NA
"217","VC DMSO 0.3%",0.00411522633744856,"Mo_71",-2.38560627359831,1.07086623398679,1.03884733202966,0,0,1.07086623398679,1.03884733202966,NA,NA
"218","VC DMSO 0.3%",0.0123456790123457,"Mo_71",-1.90848501887865,1.05532862966685,1.08972659946474,0,0,1.05532862966685,1.08972659946474,NA,NA
"219","VC DMSO 0.3%",0.037037037037037,"Mo_71",-1.43136376415899,1.04771052431637,1.0747107252369,0,0,1.04771052431637,1.0747107252369,NA,NA
"220","VC DMSO 0.3%",0.111111111111111,"Mo_71",-0.954242509439325,0.706076518429838,1.06662239872081,0,0,0.706076518429838,1.06662239872081,NA,NA
"221","VC DMSO 0.3%",0.333333333333333,"Mo_71",-0.477121254719663,0.343932958434967,0.35329139846033,0,0,0.343932958434967,0.35329139846033,NA,NA
"222","VC DMSO 0.3%",1,"Mo_71",0,0.115653286274454,-0.198022170052042,0,0,0.115653286274454,-0.198022170052042,NA,NA
"223","VC DMSO 0.3%",0.00411522633744856,"Mo_72",-2.38560627359831,1.07626388505228,1.01595674724866,0,0,1.07626388505228,1.01595674724866,NA,NA
"224","VC DMSO 0.3%",0.0123456790123457,"Mo_72",-1.90848501887865,1.11871670143748,1.03874696214856,0,0,1.11871670143748,1.03874696214856,NA,NA
"225","VC DMSO 0.3%",0.037037037037037,"Mo_72",-1.43136376415899,0.971037887161344,1.15465671402331,0,0,0.971037887161344,1.15465671402331,NA,NA
"226","VC DMSO 0.3%",0.111111111111111,"Mo_72",-0.954242509439325,0.688939764995749,1.08546055795751,0,0,0.688939764995749,1.08546055795751,NA,NA
"227","VC DMSO 0.3%",0.333333333333333,"Mo_72",-0.477121254719663,0.204073138364056,0.0504914210278195,0,0,0.204073138364056,0.0504914210278195,NA,NA
"228","VC DMSO 0.3%",1,"Mo_72",0,-0.220071266560868,-0.245649933007035,0,0,-0.220071266560868,-0.245649933007035,NA,NA
"229","VC DMSO 0.3%",0.00411522633744856,"Pf_62",-2.38560627359831,0.978185897013839,0.837258897495213,0,0,0.978185897013839,0.837258897495213,NA,NA
"230","VC DMSO 0.3%",0.0123456790123457,"Pf_62",-1.90848501887865,0.9841529086932,0.918206007438687,0,0,0.9841529086932,0.918206007438687,NA,NA
"231","VC DMSO 0.3%",0.037037037037037,"Pf_62",-1.43136376415899,0.914158575339729,1.04453373330616,0,0,0.914158575339729,1.04453373330616,NA,NA
"232","VC DMSO 0.3%",0.111111111111111,"Pf_62",-0.954242509439325,0.929793141004288,1.04987754281386,0,0,0.929793141004288,1.04987754281386,NA,NA
"233","VC DMSO 0.3%",0.333333333333333,"Pf_62",-0.477121254719663,1.17234543039331,0.975833021305014,0,0,1.17234543039331,0.975833021305014,NA,NA
"234","VC DMSO 0.3%",1,"Pf_62",0,1.08555315156719,1.03020023047296,0,0,1.08555315156719,1.03020023047296,NA,NA
"235","VC DMSO 0.3%",0.00411522633744856,"Pf_63",-2.38560627359831,0.604905168944448,0.816984476346902,0,0,0.604905168944448,0.816984476346902,NA,NA
"236","VC DMSO 0.3%",0.0123456790123457,"Pf_63",-1.90848501887865,0.824026840185915,0.878167700982951,0,0,0.824026840185915,0.878167700982951,NA,NA
"237","VC DMSO 0.3%",0.037037037037037,"Pf_63",-1.43136376415899,0.648457279157655,1.0148704100573,0,0,0.648457279157655,1.0148704100573,NA,NA
"238","VC DMSO 0.3%",0.111111111111111,"Pf_63",-0.954242509439325,0.487482205115338,0.924887293501338,0,0,0.487482205115338,0.924887293501338,NA,NA
"239","VC DMSO 0.3%",0.333333333333333,"Pf_63",-0.477121254719663,0.549143208129463,1.09417836137367,0,0,0.549143208129463,1.09417836137367,NA,NA
"240","VC DMSO 0.3%",1,"Pf_63",0,0.33691241844091,1.08135210507761,0,0,0.33691241844091,1.08135210507761,NA,NA
"241","VC DMSO 0.3%",0.00411522633744856,"Pf_64",-2.38560627359831,0.891066954391975,1.03654253175824,0,0,0.891066954391975,1.03654253175824,NA,NA
"242","VC DMSO 0.3%",0.0123456790123457,"Pf_64",-1.90848501887865,0.830712987780131,1.10176264877146,0,0,0.830712987780131,1.10176264877146,NA,NA
"243","VC DMSO 0.3%",0.037037037037037,"Pf_64",-1.43136376415899,0.673832425614085,1.07033459979998,0,0,0.673832425614085,1.07033459979998,NA,NA
"244","VC DMSO 0.3%",0.111111111111111,"Pf_64",-0.954242509439325,0.631967186091302,1.01831159883643,0,0,0.631967186091302,1.01831159883643,NA,NA
"245","VC DMSO 0.3%",0.333333333333333,"Pf_64",-0.477121254719663,0.691704027231608,0.887323550402481,0,0,0.691704027231608,0.887323550402481,NA,NA
"246","VC DMSO 0.3%",1,"Pf_64",0,0.589143393967012,0.949449461900161,0,0,0.589143393967012,0.949449461900161,NA,NA
"247","VC DMSO 0.3%",0.00411522633744856,"Pf_68",-2.38560627359831,0.841371640621194,0.934286082068788,0,0,0.841371640621194,0.934286082068788,NA,NA
"248","VC DMSO 0.3%",0.0123456790123457,"Pf_68",-1.90848501887865,0.927306189749885,0.924115221471706,0,0,0.927306189749885,0.924115221471706,NA,NA
"249","VC DMSO 0.3%",0.037037037037037,"Pf_68",-1.43136376415899,1.08638115164489,0.885339930991911,0,0,1.08638115164489,0.885339930991911,NA,NA
"250","VC DMSO 0.3%",0.111111111111111,"Pf_68",-0.954242509439325,0.724568961721363,0.965651139728425,0,0,0.724568961721363,0.965651139728425,NA,NA
"251","VC DMSO 0.3%",0.333333333333333,"Pf_68",-0.477121254719663,0.622178941917404,0.570260340950416,0,0,0.622178941917404,0.570260340950416,NA,NA
"252","VC DMSO 0.3%",1,"Pf_68",0,0.695417174457394,0.941047716796334,0,0,0.695417174457394,0.941047716796334,NA,NA
"253","VC DMSO 0.3%",0.00411522633744856,"Pf_70",-2.38560627359831,0.595992536121167,1.08524646439581,0,0,0.595992536121167,1.08524646439581,NA,NA
"254","VC DMSO 0.3%",0.0123456790123457,"Pf_70",-1.90848501887865,0.540546905042232,1.04743722690942,0,0,0.540546905042232,1.04743722690942,NA,NA
"255","VC DMSO 0.3%",0.037037037037037,"Pf_70",-1.43136376415899,0.570022550437651,0.963857961533357,0,0,0.570022550437651,0.963857961533357,NA,NA
"256","VC DMSO 0.3%",0.111111111111111,"Pf_70",-0.954242509439325,0.330428969807436,0.858617391982238,0,0,0.330428969807436,0.858617391982238,NA,NA
"257","VC DMSO 0.3%",0.333333333333333,"Pf_70",-0.477121254719663,-0.124410510527478,-0.186849131373538,0,0,-0.124410510527478,-0.186849131373538,NA,NA
"258","VC DMSO 0.3%",1,"Pf_70",0,-0.191031768948218,-0.358009924281703,0,0,-0.191031768948218,-0.358009924281703,NA,NA
"259","VC DMSO 0.3%",0.00411522633744856,"Pf_71",-2.38560627359831,0.907294497068508,0.910359376934374,0,0,0.907294497068508,0.910359376934374,NA,NA
"260","VC DMSO 0.3%",0.0123456790123457,"Pf_71",-1.90848501887865,0.796586236627023,1.02010218213567,0,0,0.796586236627023,1.02010218213567,NA,NA
"261","VC DMSO 0.3%",0.037037037037037,"Pf_71",-1.43136376415899,0.683093986536888,0.962413482164239,0,0,0.683093986536888,0.962413482164239,NA,NA
"262","VC DMSO 0.3%",0.111111111111111,"Pf_71",-0.954242509439325,0.63303859057402,0.891407604364825,0,0,0.63303859057402,0.891407604364825,NA,NA
"263","VC DMSO 0.3%",0.333333333333333,"Pf_71",-0.477121254719663,0.190386189158913,0.830414984741687,0,0,0.190386189158913,0.830414984741687,NA,NA
"264","VC DMSO 0.3%",1,"Pf_71",0,-0.225031936097794,-0.241471300695212,0,0,-0.225031936097794,-0.241471300695212,NA,NA
"265","VC DMSO 0.3%",0.00411522633744856,"Pf_72",-2.38560627359831,0.87591666338905,0.875758303133029,0,0,0.87591666338905,0.875758303133029,NA,NA
"266","VC DMSO 0.3%",0.0123456790123457,"Pf_72",-1.90848501887865,0.784571186341634,0.902593674420536,0,0,0.784571186341634,0.902593674420536,NA,NA
"267","VC DMSO 0.3%",0.037037037037037,"Pf_72",-1.43136376415899,1.04514345667347,0.915311177856394,0,0,1.04514345667347,0.915311177856394,NA,NA
"268","VC DMSO 0.3%",0.111111111111111,"Pf_72",-0.954242509439325,1.02019442013928,1.00382378332413,0,0,1.02019442013928,1.00382378332413,NA,NA
"269","VC DMSO 0.3%",0.333333333333333,"Pf_72",-0.477121254719663,1.12957563153686,0.972307888938861,0,0,1.12957563153686,0.972307888938861,NA,NA
"270","VC DMSO 0.3%",1,"Pf_72",0,0.686378283998177,1.01693962137411,0,0,0.686378283998177,1.01693962137411,NA,NA
"271","VC DMSO 0.3%",0.00411522633744856,"Pf_84",-2.38560627359831,0.646857288069959,0.791101938739611,0,0,0.646857288069959,0.791101938739611,NA,NA
"272","VC DMSO 0.3%",0.0123456790123457,"Pf_84",-1.90848501887865,0.92815887034861,0.922417595789668,0,0,0.92815887034861,0.922417595789668,NA,NA
"273","VC DMSO 0.3%",0.037037037037037,"Pf_84",-1.43136376415899,0.968522484331758,1.06400317293862,0,0,0.968522484331758,1.06400317293862,NA,NA
"274","VC DMSO 0.3%",0.111111111111111,"Pf_84",-0.954242509439325,1.01835588999208,1.10885384044221,0,0,1.01835588999208,1.10885384044221,NA,NA
"275","VC DMSO 0.3%",0.333333333333333,"Pf_84",-0.477121254719663,0.858220310200553,1.08873353196776,0,0,0.858220310200553,1.08873353196776,NA,NA
"276","VC DMSO 0.3%",1,"Pf_84",0,0.468188384017203,0.501474540504553,0,0,0.468188384017203,0.501474540504553,NA,NA
"277","VC DMSO 0.3%",0.00411522633744856,"Pt_46",-2.38560627359831,0.583905339398839,0.924897943781441,0,0,0.583905339398839,0.924897943781441,NA,NA
"278","VC DMSO 0.3%",0.0123456790123457,"Pt_46",-1.90848501887865,0.58235164314333,0.881425522870564,0,0,0.58235164314333,0.881425522870564,NA,NA
"279","VC DMSO 0.3%",0.037037037037037,"Pt_46",-1.43136376415899,0.497904726886395,0.844163553225589,0,0,0.497904726886395,0.844163553225589,NA,NA
"280","VC DMSO 0.3%",0.111111111111111,"Pt_46",-0.954242509439325,0.487166865452417,0.925612757408626,0,0,0.487166865452417,0.925612757408626,NA,NA
"281","VC DMSO 0.3%",0.333333333333333,"Pt_46",-0.477121254719663,0.489065386900518,0.752333926037428,0,0,0.489065386900518,0.752333926037428,NA,NA
"282","VC DMSO 0.3%",1,"Pt_46",0,0.232712221331885,0.565932528853096,0,0,0.232712221331885,0.565932528853096,NA,NA
"283","VC DMSO 0.3%",0.00411522633744856,"Pt_47",-2.38560627359831,0.234766606619327,0.489141924777449,0,0,0.234766606619327,0.489141924777449,NA,NA
"284","VC DMSO 0.3%",0.0123456790123457,"Pt_47",-1.90848501887865,0.327509586972729,0.608940694450609,0,0,0.327509586972729,0.608940694450609,NA,NA
"285","VC DMSO 0.3%",0.037037037037037,"Pt_47",-1.43136376415899,0.375958862170771,0.622664470903172,0,0,0.375958862170771,0.622664470903172,NA,NA
"286","VC DMSO 0.3%",0.111111111111111,"Pt_47",-0.954242509439325,0.423065255382604,0.636138513201519,0,0,0.423065255382604,0.636138513201519,NA,NA
"287","VC DMSO 0.3%",0.333333333333333,"Pt_47",-0.477121254719663,0.345969659535326,0.592002598978698,0,0,0.345969659535326,0.592002598978698,NA,NA
"288","VC DMSO 0.3%",1,"Pt_47",0,0.236398000303501,0.564783714156511,0,0,0.236398000303501,0.564783714156511,NA,NA
